"mou_Mean","custcare_Mean","new_cell","area","Customer_ID"
793,0,"U","DC-MARYLAND-VIRGINIA AREA",1045239
10.75,0,"Y","DC-MARYLAND-VIRGINIA AREA",1016607
413,0,"N","DC-MARYLAND-VIRGINIA AREA",1015068
992.25,2.333333333,"U","DC-MARYLAND-VIRGINIA AREA",1076198
381,0,"U","DC-MARYLAND-VIRGINIA AREA",1028649
11.5,0,"Y","DC-MARYLAND-VIRGINIA AREA",1077754
1135.25,7,"N","DC-MARYLAND-VIRGINIA AREA",1085015
879.25,4.333333333,"N","DC-MARYLAND-VIRGINIA AREA",1028674
250.5,0,"Y","DC-MARYLAND-VIRGINIA AREA",1060840
2824.75,5,"Y","DC-MARYLAND-VIRGINIA AREA",1079795
700.25,0,"U","DC-MARYLAND-VIRGINIA AREA",1065210
54,0,"U","DC-MARYLAND-VIRGINIA AREA",1094369
314.75,0,"U","DC-MARYLAND-VIRGINIA AREA",1079861
221.25,0,"U","DC-MARYLAND-VIRGINIA AREA",1074541
314.5,0,"Y","DC-MARYLAND-VIRGINIA AREA",1007748
172,0,"U","DC-MARYLAND-VIRGINIA AREA",1075065
297.5,2.333333333,"U","DC-MARYLAND-VIRGINIA AREA",1054066
150,5.333333333,"U","DC-MARYLAND-VIRGINIA AREA",1042885
555,9.666666667,"U","DC-MARYLAND-VIRGINIA AREA",1088306
1336.25,14.33333333,"U","DC-MARYLAND-VIRGINIA AREA",1088241
1602,10,"U","DC-MARYLAND-VIRGINIA AREA",1047699
587,3.666666667,"U","DC-MARYLAND-VIRGINIA AREA",1096980
588.75,0,"U","DC-MARYLAND-VIRGINIA AREA",1017671
676,0,"N","DC-MARYLAND-VIRGINIA AREA",1017425
118.5,0,"N","DC-MARYLAND-VIRGINIA AREA",1051380
6.5,0,"Y","DC-MARYLAND-VIRGINIA AREA",1034511
236.5,0,"U","DC-MARYLAND-VIRGINIA AREA",1089748
1073.75,7.666666667,"U","DC-MARYLAND-VIRGINIA AREA",1086436
299.75,0,"U","DC-MARYLAND-VIRGINIA AREA",1030822
764.25,14,"U","DC-MARYLAND-VIRGINIA AREA",1074795
24,0,"U","DC-MARYLAND-VIRGINIA AREA",1045676
235.75,0.333333333,"U","DC-MARYLAND-VIRGINIA AREA",1020796
231,2.333333333,"U","DC-MARYLAND-VIRGINIA AREA",1030346
150,0,"U","DC-MARYLAND-VIRGINIA AREA",1064472
648.75,4.666666667,"U","DC-MARYLAND-VIRGINIA AREA",1050240
99.75,0.333333333,"U","DC-MARYLAND-VIRGINIA AREA",1055472
1122.5,2.666666667,"U","DC-MARYLAND-VIRGINIA AREA",1038579
433.25,0,"Y","DC-MARYLAND-VIRGINIA AREA",1061215
36.25,13,"Y","DC-MARYLAND-VIRGINIA AREA",1002837
381.5,0.666666667,"U","DC-MARYLAND-VIRGINIA AREA",1086805
132.25,0,"U","DC-MARYLAND-VIRGINIA AREA",1019547
695,2.333333333,"U","DC-MARYLAND-VIRGINIA AREA",1020287
410,3.666666667,"Y","DC-MARYLAND-VIRGINIA AREA",1084093
129.75,0.333333333,"N","DC-MARYLAND-VIRGINIA AREA",1024492
147.5,0,"Y","DC-MARYLAND-VIRGINIA AREA",1044211
488,2.333333333,"U","DC-MARYLAND-VIRGINIA AREA",1039785
404.5,0,"Y","DC-MARYLAND-VIRGINIA AREA",1085213
5.25,0,"U","DC-MARYLAND-VIRGINIA AREA",1027292
378.25,0.666666667,"U","DC-MARYLAND-VIRGINIA AREA",1031353
912,0,"U","DC-MARYLAND-VIRGINIA AREA",1044297
420.5,1.333333333,"U","DC-MARYLAND-VIRGINIA AREA",1024369
581.25,1,"U","DC-MARYLAND-VIRGINIA AREA",1012528
348.5,0,"Y","DC-MARYLAND-VIRGINIA AREA",1021351
575.5,0.333333333,"U","DC-MARYLAND-VIRGINIA AREA",1011167
178.75,0,"U","DC-MARYLAND-VIRGINIA AREA",1093702
230.75,0,"U","DC-MARYLAND-VIRGINIA AREA",1068387
342,0,"Y","DC-MARYLAND-VIRGINIA AREA",1055931
685.5,1.333333333,"Y","DC-MARYLAND-VIRGINIA AREA",1045731
787.75,1.333333333,"U","DC-MARYLAND-VIRGINIA AREA",1035807
136.75,0,"Y","DC-MARYLAND-VIRGINIA AREA",1067238
1209,2,"U","DC-MARYLAND-VIRGINIA AREA",1087588
640.75,1.666666667,"Y","DC-MARYLAND-VIRGINIA AREA",1013197
1181,0,"N","DC-MARYLAND-VIRGINIA AREA",1036875
450.5,0.333333333,"Y","DC-MARYLAND-VIRGINIA AREA",1045166
87.5,0,"U","DC-MARYLAND-VIRGINIA AREA",1057265
199.5,0,"U","DC-MARYLAND-VIRGINIA AREA",1047837
473.25,0.666666667,"U","DC-MARYLAND-VIRGINIA AREA",1053573
6.5,0.666666667,"U","DC-MARYLAND-VIRGINIA AREA",1023336
671.25,3,"N","DC-MARYLAND-VIRGINIA AREA",1019094
150,0,"U","DC-MARYLAND-VIRGINIA AREA",1072533
124.25,0,"U","DC-MARYLAND-VIRGINIA AREA",1033361
506.75,2.666666667,"U","DC-MARYLAND-VIRGINIA AREA",1016646
0,0,"U","DC-MARYLAND-VIRGINIA AREA",1073181
1597,62.66666667,"U","DC-MARYLAND-VIRGINIA AREA",1077782
50.75,0,"Y","DC-MARYLAND-VIRGINIA AREA",1088621
49,0,"Y","DC-MARYLAND-VIRGINIA AREA",1022311
803,6,"Y","DC-MARYLAND-VIRGINIA AREA",1087481
711.5,4.333333333,"U","DC-MARYLAND-VIRGINIA AREA",1031008
220.25,0.333333333,"N","DC-MARYLAND-VIRGINIA AREA",1035496
416.5,0.333333333,"U","DC-MARYLAND-VIRGINIA AREA",1039787
62.25,0,"U","DC-MARYLAND-VIRGINIA AREA",1086781
554.75,1.333333333,"U","DC-MARYLAND-VIRGINIA AREA",1025555
644.25,13,"U","DC-MARYLAND-VIRGINIA AREA",1024240
419.75,0,"Y","DC-MARYLAND-VIRGINIA AREA",1047489
558,0,"N","DC-MARYLAND-VIRGINIA AREA",1050862
449,0,"Y","DC-MARYLAND-VIRGINIA AREA",1044882
1303.75,1,"U","DC-MARYLAND-VIRGINIA AREA",1092989
0,0,"U","DC-MARYLAND-VIRGINIA AREA",1060710
555.25,0,"Y","DC-MARYLAND-VIRGINIA AREA",1026498
785,2.666666667,"U","DC-MARYLAND-VIRGINIA AREA",1021456
338.75,0,"U","DC-MARYLAND-VIRGINIA AREA",1071872
243.5,0,"U","DC-MARYLAND-VIRGINIA AREA",1037379
84,0,"U","DC-MARYLAND-VIRGINIA AREA",1015029
843.5,0,"U","DC-MARYLAND-VIRGINIA AREA",1057706
1736,14.33333333,"U","DC-MARYLAND-VIRGINIA AREA",1058484
65.5,0,"N","DC-MARYLAND-VIRGINIA AREA",1067120
607.25,1.666666667,"N","DC-MARYLAND-VIRGINIA AREA",1090340
454.25,0.666666667,"Y","DC-MARYLAND-VIRGINIA AREA",1002203
155,2.333333333,"U","DC-MARYLAND-VIRGINIA AREA",1082828
93.25,1.666666667,"N","DC-MARYLAND-VIRGINIA AREA",1012002
65.25,0,"U","DC-MARYLAND-VIRGINIA AREA",1056200
1637.5,4.333333333,"U","DC-MARYLAND-VIRGINIA AREA",1057271
200.5,0.666666667,"U","DC-MARYLAND-VIRGINIA AREA",1024516
577.5,0.666666667,"Y","DC-MARYLAND-VIRGINIA AREA",1050906
995.75,0.666666667,"U","DC-MARYLAND-VIRGINIA AREA",1024511
888.25,0,"U","DC-MARYLAND-VIRGINIA AREA",1063874
143.5,0,"Y","DC-MARYLAND-VIRGINIA AREA",1059492
256.5,0,"Y","DC-MARYLAND-VIRGINIA AREA",1065111
1633.75,4,"U","DC-MARYLAND-VIRGINIA AREA",1078717
2681.75,0,"Y","DC-MARYLAND-VIRGINIA AREA",1016049
416,18.33333333,"U","DC-MARYLAND-VIRGINIA AREA",1086661
234.5,0,"U","DC-MARYLAND-VIRGINIA AREA",1094355
508.25,0.333333333,"U","DC-MARYLAND-VIRGINIA AREA",1045904
0,0,"U","DC-MARYLAND-VIRGINIA AREA",1023051
911.5,0.333333333,"U","DC-MARYLAND-VIRGINIA AREA",1059542
262.75,0,"U","DC-MARYLAND-VIRGINIA AREA",1066176
512.75,2,"U","DC-MARYLAND-VIRGINIA AREA",1050598
866.25,1.666666667,"U","DC-MARYLAND-VIRGINIA AREA",1079852
188.5,0,"U","DC-MARYLAND-VIRGINIA AREA",1053588
936.25,0.333333333,"U","DC-MARYLAND-VIRGINIA AREA",1089996
376.25,0,"N","DC-MARYLAND-VIRGINIA AREA",1026036
789,0.333333333,"N","DC-MARYLAND-VIRGINIA AREA",1051487
1448.75,2.666666667,"U","DC-MARYLAND-VIRGINIA AREA",1056475
912.25,1.666666667,"U","DC-MARYLAND-VIRGINIA AREA",1025076
124,0,"Y","DC-MARYLAND-VIRGINIA AREA",1038824
53.5,0,"U","DC-MARYLAND-VIRGINIA AREA",1020831
91,0,"N","DC-MARYLAND-VIRGINIA AREA",1074563
878.25,0,"U","DC-MARYLAND-VIRGINIA AREA",1038517
276.75,0,"U","DC-MARYLAND-VIRGINIA AREA",1064303
242.75,0,"U","DC-MARYLAND-VIRGINIA AREA",1044630
1491.75,4.666666667,"U","DC-MARYLAND-VIRGINIA AREA",1077392
917.75,1,"U","DC-MARYLAND-VIRGINIA AREA",1081735
346.25,2,"U","DC-MARYLAND-VIRGINIA AREA",1031994
209.5,0,"U","DC-MARYLAND-VIRGINIA AREA",1072313
589.75,0,"U","DC-MARYLAND-VIRGINIA AREA",1096005
165.75,0,"U","DC-MARYLAND-VIRGINIA AREA",1026641
690.25,0,"U","DC-MARYLAND-VIRGINIA AREA",1078528
135.5,0.666666667,"U","DC-MARYLAND-VIRGINIA AREA",1050704
39.25,0,"U","DC-MARYLAND-VIRGINIA AREA",1022794
1150.5,2.333333333,"Y","DC-MARYLAND-VIRGINIA AREA",1049190
877.5,1.333333333,"Y","DC-MARYLAND-VIRGINIA AREA",1057235
132,0,"N","DC-MARYLAND-VIRGINIA AREA",1025935
49.25,0,"Y","DC-MARYLAND-VIRGINIA AREA",1070062
564.75,3,"U","DC-MARYLAND-VIRGINIA AREA",1037947
70.5,0,"U","DC-MARYLAND-VIRGINIA AREA",1070317
1881.5,3.666666667,"Y","DC-MARYLAND-VIRGINIA AREA",1016493
407.5,0,"U","DC-MARYLAND-VIRGINIA AREA",1030379
382.75,6.666666667,"U","DC-MARYLAND-VIRGINIA AREA",1065807
0,0,"U","DC-MARYLAND-VIRGINIA AREA",1004977
505.5,2.666666667,"N","DC-MARYLAND-VIRGINIA AREA",1049346
1053,1.333333333,"Y","DC-MARYLAND-VIRGINIA AREA",1039036
1135.75,2.333333333,"N","DC-MARYLAND-VIRGINIA AREA",1049056
1619.5,3.333333333,"U","DC-MARYLAND-VIRGINIA AREA",1084795
507.75,0,"U","DC-MARYLAND-VIRGINIA AREA",1096433
557.5,0,"U","DC-MARYLAND-VIRGINIA AREA",1035336
1267.75,0.666666667,"Y","DC-MARYLAND-VIRGINIA AREA",1004033
1.75,0,"Y","DC-MARYLAND-VIRGINIA AREA",1043105
2.75,0,"N","DC-MARYLAND-VIRGINIA AREA",1024879
1752.75,21.33333333,"U","DC-MARYLAND-VIRGINIA AREA",1089167
304,0,"Y","DC-MARYLAND-VIRGINIA AREA",1039031
446.75,0,"N","DC-MARYLAND-VIRGINIA AREA",1017359
578.75,0.333333333,"U","DC-MARYLAND-VIRGINIA AREA",1019065
1167.75,0,"U","DC-MARYLAND-VIRGINIA AREA",1081648
779,0,"Y","DC-MARYLAND-VIRGINIA AREA",1024910
2434,4.333333333,"Y","DC-MARYLAND-VIRGINIA AREA",1093356
961.5,0,"U","DC-MARYLAND-VIRGINIA AREA",1096455
14.25,0,"U","DC-MARYLAND-VIRGINIA AREA",1029366
246.75,0,"N","DC-MARYLAND-VIRGINIA AREA",1096945
253.25,0,"U","DC-MARYLAND-VIRGINIA AREA",1054317
782.75,3.666666667,"U","DC-MARYLAND-VIRGINIA AREA",1088041
117.25,0,"Y","DC-MARYLAND-VIRGINIA AREA",1063740
245.25,0,"U","DC-MARYLAND-VIRGINIA AREA",1024559
320.75,8.333333333,"U","DC-MARYLAND-VIRGINIA AREA",1088779
138,0.666666667,"U","DC-MARYLAND-VIRGINIA AREA",1027769
446.25,0.333333333,"N","DC-MARYLAND-VIRGINIA AREA",1067893
199,0.333333333,"U","DC-MARYLAND-VIRGINIA AREA",1076471
561,0,"Y","DC-MARYLAND-VIRGINIA AREA",1060123
281.5,0,"U","DC-MARYLAND-VIRGINIA AREA",1070174
709.75,0,"U","DC-MARYLAND-VIRGINIA AREA",1051497
1,0,"Y","DC-MARYLAND-VIRGINIA AREA",1025657
499.5,0,"U","DC-MARYLAND-VIRGINIA AREA",1015174
756.5,0,"U","DC-MARYLAND-VIRGINIA AREA",1067700
1.5,0,"U","DC-MARYLAND-VIRGINIA AREA",1020805
196.25,0,"U","DC-MARYLAND-VIRGINIA AREA",1023692
1162,0,"U","DC-MARYLAND-VIRGINIA AREA",1046779
1033.75,0.333333333,"Y","DC-MARYLAND-VIRGINIA AREA",1085325
4,0,"U","DC-MARYLAND-VIRGINIA AREA",1024534
382.5,0,"U","DC-MARYLAND-VIRGINIA AREA",1074043
697.75,4.666666667,"U","DC-MARYLAND-VIRGINIA AREA",1053562
451,0.666666667,"U","DC-MARYLAND-VIRGINIA AREA",1058673
328.25,0.333333333,"U","DC-MARYLAND-VIRGINIA AREA",1092106
125.25,0.333333333,"Y","DC-MARYLAND-VIRGINIA AREA",1010673
151.5,0,"U","DC-MARYLAND-VIRGINIA AREA",1026122
154.25,0,"Y","DC-MARYLAND-VIRGINIA AREA",1020779
994,4.333333333,"U","DC-MARYLAND-VIRGINIA AREA",1091922
738,3,"U","DC-MARYLAND-VIRGINIA AREA",1038896
1299.5,15.33333333,"U","DC-MARYLAND-VIRGINIA AREA",1085202
362.75,0,"U","DC-MARYLAND-VIRGINIA AREA",1018183
1249.75,2.333333333,"U","DC-MARYLAND-VIRGINIA AREA",1026395
34,0,"U","DC-MARYLAND-VIRGINIA AREA",1096322
470.75,0,"U","DC-MARYLAND-VIRGINIA AREA",1069068
822.75,0.666666667,"N","DC-MARYLAND-VIRGINIA AREA",1015721
460,0,"U","DC-MARYLAND-VIRGINIA AREA",1064302
898.5,3,"U","DC-MARYLAND-VIRGINIA AREA",1029111
442,2,"U","DC-MARYLAND-VIRGINIA AREA",1093208
801.75,0.333333333,"U","DC-MARYLAND-VIRGINIA AREA",1094314
1064.75,5,"U","DC-MARYLAND-VIRGINIA AREA",1095461
1395.75,16.33333333,"N","DC-MARYLAND-VIRGINIA AREA",1091239
882,0,"U","DC-MARYLAND-VIRGINIA AREA",1077341
547.75,0,"U","DC-MARYLAND-VIRGINIA AREA",1074192
98,0.666666667,"U","DC-MARYLAND-VIRGINIA AREA",1051933
785.75,5.666666667,"U","DC-MARYLAND-VIRGINIA AREA",1092362
529,4.666666667,"U","DC-MARYLAND-VIRGINIA AREA",1020217
652.25,0.333333333,"U","DC-MARYLAND-VIRGINIA AREA",1058318
749,0,"Y","DC-MARYLAND-VIRGINIA AREA",1003690
97,0,"U","DC-MARYLAND-VIRGINIA AREA",1039433
1237.75,1.333333333,"U","DC-MARYLAND-VIRGINIA AREA",1053285
663.5,0,"U","DC-MARYLAND-VIRGINIA AREA",1036628
307.25,4.333333333,"U","DC-MARYLAND-VIRGINIA AREA",1094698
77.75,0,"U","DC-MARYLAND-VIRGINIA AREA",1035593
711.25,8.666666667,"U","DC-MARYLAND-VIRGINIA AREA",1080592
565,0,"U","DC-MARYLAND-VIRGINIA AREA",1074198
3.75,0,"N","DC-MARYLAND-VIRGINIA AREA",1021398
132.75,0,"U","DC-MARYLAND-VIRGINIA AREA",1082166
240.75,0,"N","DC-MARYLAND-VIRGINIA AREA",1016643
505,0,"U","DC-MARYLAND-VIRGINIA AREA",1021384
1478.5,0,"U","DC-MARYLAND-VIRGINIA AREA",1048803
186.25,0,"Y","DC-MARYLAND-VIRGINIA AREA",1039159
466.75,2.333333333,"Y","DC-MARYLAND-VIRGINIA AREA",1092000
45.5,0.333333333,"U","DC-MARYLAND-VIRGINIA AREA",1017946
139,0,"U","DC-MARYLAND-VIRGINIA AREA",1014138
289,0,"U","DC-MARYLAND-VIRGINIA AREA",1074538
435.25,3.666666667,"U","DC-MARYLAND-VIRGINIA AREA",1039314
256.25,0,"N","DC-MARYLAND-VIRGINIA AREA",1025054
598.75,2.333333333,"U","DC-MARYLAND-VIRGINIA AREA",1024985
312.25,0,"U","DC-MARYLAND-VIRGINIA AREA",1085528
0.25,0,"Y","DC-MARYLAND-VIRGINIA AREA",1027448
1068.5,1.666666667,"U","DC-MARYLAND-VIRGINIA AREA",1044774
262.25,0,"N","DC-MARYLAND-VIRGINIA AREA",1060545
30.75,0,"N","DC-MARYLAND-VIRGINIA AREA",1022190
146.75,0,"Y","DC-MARYLAND-VIRGINIA AREA",1011630
327.25,0,"U","DC-MARYLAND-VIRGINIA AREA",1090163
212.5,0,"U","DC-MARYLAND-VIRGINIA AREA",1096472
146.25,0,"U","DC-MARYLAND-VIRGINIA AREA",1046997
25,0,"U","DC-MARYLAND-VIRGINIA AREA",1023477
2662.75,4.333333333,"U","DC-MARYLAND-VIRGINIA AREA",1031945
1516,1.333333333,"U","DC-MARYLAND-VIRGINIA AREA",1075892
929.5,13.33333333,"Y","DC-MARYLAND-VIRGINIA AREA",1096947
157.25,1.666666667,"N","DC-MARYLAND-VIRGINIA AREA",1070375
537.25,0.333333333,"U","DC-MARYLAND-VIRGINIA AREA",1085461
132.25,0,"Y","DC-MARYLAND-VIRGINIA AREA",1007406
978.25,0.666666667,"N","DC-MARYLAND-VIRGINIA AREA",1043163
1923.5,19.33333333,"U","DC-MARYLAND-VIRGINIA AREA",1094104
180.5,0.333333333,"U","DC-MARYLAND-VIRGINIA AREA",1093220
1252.75,1.333333333,"U","DC-MARYLAND-VIRGINIA AREA",1021413
920.75,8.666666667,"U","DC-MARYLAND-VIRGINIA AREA",1060265
416.5,3,"U","DC-MARYLAND-VIRGINIA AREA",1049277
0.75,0,"U","DC-MARYLAND-VIRGINIA AREA",1022733
271,0,"U","DC-MARYLAND-VIRGINIA AREA",1053141
996.5,0.333333333,"Y","DC-MARYLAND-VIRGINIA AREA",1004086
687,0,"U","DC-MARYLAND-VIRGINIA AREA",1088683
1288.5,20.66666667,"U","DC-MARYLAND-VIRGINIA AREA",1085394
33.25,0,"U","DC-MARYLAND-VIRGINIA AREA",1025029
NA,0,"N","DC-MARYLAND-VIRGINIA AREA",1020927
285.25,0,"U","DC-MARYLAND-VIRGINIA AREA",1036680
751.75,0,"Y","DC-MARYLAND-VIRGINIA AREA",1068989
76.75,0,"U","DC-MARYLAND-VIRGINIA AREA",1023762
1206.5,6,"U","DC-MARYLAND-VIRGINIA AREA",1084130
136.25,0,"U","DC-MARYLAND-VIRGINIA AREA",1056431
966,0.333333333,"N","DC-MARYLAND-VIRGINIA AREA",1017036
562,1.333333333,"N","DC-MARYLAND-VIRGINIA AREA",1086755
530.5,0,"U","DC-MARYLAND-VIRGINIA AREA",1028521
89.5,1.333333333,"U","DC-MARYLAND-VIRGINIA AREA",1012359
0,0,"U","DC-MARYLAND-VIRGINIA AREA",1096217
918.75,0.666666667,"Y","DC-MARYLAND-VIRGINIA AREA",1063683
892.75,11,"N","DC-MARYLAND-VIRGINIA AREA",1086833
375.25,0,"N","DC-MARYLAND-VIRGINIA AREA",1021930
104.5,0,"N","DC-MARYLAND-VIRGINIA AREA",1008921
1513.5,0,"U","DC-MARYLAND-VIRGINIA AREA",1003865
414.75,1,"Y","DC-MARYLAND-VIRGINIA AREA",1052079
0,0,"N","DC-MARYLAND-VIRGINIA AREA",1058360
1357.25,3.333333333,"U","DC-MARYLAND-VIRGINIA AREA",1074976
344.25,1.333333333,"U","DC-MARYLAND-VIRGINIA AREA",1068555
646.25,0.333333333,"U","DC-MARYLAND-VIRGINIA AREA",1081336
329,3,"N","DC-MARYLAND-VIRGINIA AREA",1022108
511.75,0,"Y","DC-MARYLAND-VIRGINIA AREA",1017663
636.5,0,"Y","DC-MARYLAND-VIRGINIA AREA",1027897
1651.25,1.333333333,"U","DC-MARYLAND-VIRGINIA AREA",1094407
1021.75,0,"U","DC-MARYLAND-VIRGINIA AREA",1081065
85.25,0,"U","DC-MARYLAND-VIRGINIA AREA",1064315
1386.25,0,"U","DC-MARYLAND-VIRGINIA AREA",1046498
0,0,"U","DC-MARYLAND-VIRGINIA AREA",1023431
367.5,0,"U","DC-MARYLAND-VIRGINIA AREA",1094399
822,10,"U","DC-MARYLAND-VIRGINIA AREA",1048613
0,0,"U","DC-MARYLAND-VIRGINIA AREA",1039152
507.5,3.666666667,"U","DC-MARYLAND-VIRGINIA AREA",1024120
331.75,0,"U","DC-MARYLAND-VIRGINIA AREA",1050890
379.5,0,"U","DC-MARYLAND-VIRGINIA AREA",1093533
526.25,0,"Y","DC-MARYLAND-VIRGINIA AREA",1050416
111.25,1.666666667,"U","DC-MARYLAND-VIRGINIA AREA",1024802
297.25,0.333333333,"U","DC-MARYLAND-VIRGINIA AREA",1024402
206.75,0,"U","DC-MARYLAND-VIRGINIA AREA",1077303
723,12.33333333,"U","DC-MARYLAND-VIRGINIA AREA",1019731
652.5,3.666666667,"U","DC-MARYLAND-VIRGINIA AREA",1094185
54.75,0,"N","DC-MARYLAND-VIRGINIA AREA",1051429
612,0,"U","DC-MARYLAND-VIRGINIA AREA",1037598
326.75,0,"U","DC-MARYLAND-VIRGINIA AREA",1018976
314.25,0.333333333,"N","DC-MARYLAND-VIRGINIA AREA",1013616
581.75,0,"U","DC-MARYLAND-VIRGINIA AREA",1075535
573,5,"N","DC-MARYLAND-VIRGINIA AREA",1046041
477.75,5.333333333,"U","DC-MARYLAND-VIRGINIA AREA",1053335
119,0,"U","DC-MARYLAND-VIRGINIA AREA",1027295
536.75,0.666666667,"U","DC-MARYLAND-VIRGINIA AREA",1093736
113.75,0,"U","DC-MARYLAND-VIRGINIA AREA",1046534
251.25,0,"U","DC-MARYLAND-VIRGINIA AREA",1079768
1203.75,10.66666667,"U","DC-MARYLAND-VIRGINIA AREA",1070476
80,0,"Y","DC-MARYLAND-VIRGINIA AREA",1092468
292.25,0,"Y","DC-MARYLAND-VIRGINIA AREA",1032164
234.5,0,"N","DC-MARYLAND-VIRGINIA AREA",1056443
570.75,3.666666667,"U","DC-MARYLAND-VIRGINIA AREA",1004604
346.75,0,"U","DC-MARYLAND-VIRGINIA AREA",1042586
157.5,0,"Y","DC-MARYLAND-VIRGINIA AREA",1052461
81.5,0,"U","DC-MARYLAND-VIRGINIA AREA",1090906
16,0,"N","DC-MARYLAND-VIRGINIA AREA",1023704
7.75,0.333333333,"U","DC-MARYLAND-VIRGINIA AREA",1089312
323.25,1.666666667,"U","DC-MARYLAND-VIRGINIA AREA",1054386
96,0,"U","DC-MARYLAND-VIRGINIA AREA",1091322
661.5,1.333333333,"U","DC-MARYLAND-VIRGINIA AREA",1086165
46,0,"U","DC-MARYLAND-VIRGINIA AREA",1056467
652.75,0,"N","DC-MARYLAND-VIRGINIA AREA",1015776
88.5,0,"U","DC-MARYLAND-VIRGINIA AREA",1050006
490.75,0,"U","DC-MARYLAND-VIRGINIA AREA",1021526
566.75,0,"N","DC-MARYLAND-VIRGINIA AREA",1039570
716.5,0.666666667,"N","DC-MARYLAND-VIRGINIA AREA",1046913
117.25,1.333333333,"U","DC-MARYLAND-VIRGINIA AREA",1029061
0,0,"U","DC-MARYLAND-VIRGINIA AREA",1017340
460.5,7.333333333,"U","DC-MARYLAND-VIRGINIA AREA",1063902
357,8.333333333,"U","DC-MARYLAND-VIRGINIA AREA",1094358
690.75,0,"U","DC-MARYLAND-VIRGINIA AREA",1024335
548.75,4.666666667,"U","DC-MARYLAND-VIRGINIA AREA",1073702
739.75,1.666666667,"U","DC-MARYLAND-VIRGINIA AREA",1038858
701.75,0,"N","DC-MARYLAND-VIRGINIA AREA",1096445
180.75,0,"U","DC-MARYLAND-VIRGINIA AREA",1078006
34.75,0,"U","DC-MARYLAND-VIRGINIA AREA",1091309
306.75,0,"U","DC-MARYLAND-VIRGINIA AREA",1014860
654,1.666666667,"U","DC-MARYLAND-VIRGINIA AREA",1090559
419.5,0,"N","DC-MARYLAND-VIRGINIA AREA",1012269
259,0,"U","DC-MARYLAND-VIRGINIA AREA",1093677
1109.75,0.333333333,"U","DC-MARYLAND-VIRGINIA AREA",1074863
912,11,"U","DC-MARYLAND-VIRGINIA AREA",1089769
22.75,0,"U","DC-MARYLAND-VIRGINIA AREA",1026024
927.25,0,"N","DC-MARYLAND-VIRGINIA AREA",1004486
378,0,"Y","DC-MARYLAND-VIRGINIA AREA",1076158
681,0,"U","DC-MARYLAND-VIRGINIA AREA",1096215
287.25,0,"U","DC-MARYLAND-VIRGINIA AREA",1090537
478,0,"U","DC-MARYLAND-VIRGINIA AREA",1060523
278.5,0,"U","DC-MARYLAND-VIRGINIA AREA",1078463
589,2.666666667,"U","DC-MARYLAND-VIRGINIA AREA",1054030
301.75,17.33333333,"U","DC-MARYLAND-VIRGINIA AREA",1032787
57.5,0,"U","DC-MARYLAND-VIRGINIA AREA",1030092
44.75,0,"Y","DC-MARYLAND-VIRGINIA AREA",1062988
687,0,"Y","DC-MARYLAND-VIRGINIA AREA",1086526
888,3.333333333,"U","DC-MARYLAND-VIRGINIA AREA",1022630
409,0.666666667,"U","DC-MARYLAND-VIRGINIA AREA",1009397
900.75,13.33333333,"U","DC-MARYLAND-VIRGINIA AREA",1092822
1429,2,"U","DC-MARYLAND-VIRGINIA AREA",1096328
379.25,0,"Y","DC-MARYLAND-VIRGINIA AREA",1048359
449.25,12,"Y","DC-MARYLAND-VIRGINIA AREA",1031653
88,0,"Y","DC-MARYLAND-VIRGINIA AREA",1036032
56.25,0,"N","DC-MARYLAND-VIRGINIA AREA",1011294
361.25,4,"U","DC-MARYLAND-VIRGINIA AREA",1094804
284,0,"N","DC-MARYLAND-VIRGINIA AREA",1024449
370.25,9,"U","DC-MARYLAND-VIRGINIA AREA",1071782
757.5,0,"U","DC-MARYLAND-VIRGINIA AREA",1083987
536.5,0,"U","DC-MARYLAND-VIRGINIA AREA",1047537
52.25,0,"N","DC-MARYLAND-VIRGINIA AREA",1053070
1745.75,4,"U","DC-MARYLAND-VIRGINIA AREA",1092595
1229,1.333333333,"U","DC-MARYLAND-VIRGINIA AREA",1036979
590.25,0,"U","DC-MARYLAND-VIRGINIA AREA",1025303
367,0,"Y","DC-MARYLAND-VIRGINIA AREA",1072892
22.5,0,"U","DC-MARYLAND-VIRGINIA AREA",1038122
252,0,"U","DC-MARYLAND-VIRGINIA AREA",1035455
23.25,0,"Y","DC-MARYLAND-VIRGINIA AREA",1025173
129.5,0,"U","DC-MARYLAND-VIRGINIA AREA",1043278
246,0,"U","DC-MARYLAND-VIRGINIA AREA",1022063
936,1.333333333,"N","DC-MARYLAND-VIRGINIA AREA",1003777
832.25,0,"U","DC-MARYLAND-VIRGINIA AREA",1047530
428.5,1,"Y","DC-MARYLAND-VIRGINIA AREA",1095321
561.75,0,"Y","DC-MARYLAND-VIRGINIA AREA",1092954
347,0,"U","DC-MARYLAND-VIRGINIA AREA",1019745
2357,11.66666667,"U","DC-MARYLAND-VIRGINIA AREA",1092962
1260,0,"U","DC-MARYLAND-VIRGINIA AREA",1092029
360.25,0,"U","DC-MARYLAND-VIRGINIA AREA",1085403
808,12.33333333,"U","DC-MARYLAND-VIRGINIA AREA",1069179
462,0,"U","DC-MARYLAND-VIRGINIA AREA",1082831
23.5,0,"U","DC-MARYLAND-VIRGINIA AREA",1011049
55.75,0,"U","DC-MARYLAND-VIRGINIA AREA",1028320
806.5,8.666666667,"U","DC-MARYLAND-VIRGINIA AREA",1056387
24.5,0,"U","DC-MARYLAND-VIRGINIA AREA",1059783
336.75,1,"U","DC-MARYLAND-VIRGINIA AREA",1050221
254.75,0,"Y","DC-MARYLAND-VIRGINIA AREA",1033176
443.75,0,"U","DC-MARYLAND-VIRGINIA AREA",1082317
132.5,0,"U","DC-MARYLAND-VIRGINIA AREA",1057043
90,0,"U","DC-MARYLAND-VIRGINIA AREA",1087998
106.75,2.666666667,"U","DC-MARYLAND-VIRGINIA AREA",1090588
2207.25,14.66666667,"Y","DC-MARYLAND-VIRGINIA AREA",1069269
446.25,0,"U","DC-MARYLAND-VIRGINIA AREA",1074466
228.5,0.333333333,"Y","DC-MARYLAND-VIRGINIA AREA",1085679
76,0.333333333,"Y","DC-MARYLAND-VIRGINIA AREA",1040103
994.5,1,"U","DC-MARYLAND-VIRGINIA AREA",1046747
314.5,0.666666667,"U","DC-MARYLAND-VIRGINIA AREA",1046398
1083.25,0.333333333,"U","DC-MARYLAND-VIRGINIA AREA",1025245
29.25,0,"U","DC-MARYLAND-VIRGINIA AREA",1025065
73.25,0,"U","DC-MARYLAND-VIRGINIA AREA",1077717
846.5,0,"U","DC-MARYLAND-VIRGINIA AREA",1009402
1012.25,12.66666667,"U","DC-MARYLAND-VIRGINIA AREA",1029004
1041.5,11.33333333,"U","DC-MARYLAND-VIRGINIA AREA",1069630
262.5,0,"U","DC-MARYLAND-VIRGINIA AREA",1058861
1033.25,16,"U","DC-MARYLAND-VIRGINIA AREA",1030676
407.5,0,"Y","DC-MARYLAND-VIRGINIA AREA",1042189
231.25,0,"U","DC-MARYLAND-VIRGINIA AREA",1004594
410.75,0,"U","DC-MARYLAND-VIRGINIA AREA",1036760
268.75,0,"U","DC-MARYLAND-VIRGINIA AREA",1069837
246.5,0,"U","DC-MARYLAND-VIRGINIA AREA",1086416
1119.5,9,"Y","DC-MARYLAND-VIRGINIA AREA",1025754
1909,1.333333333,"N","DC-MARYLAND-VIRGINIA AREA",1063477
211.75,0.666666667,"Y","DC-MARYLAND-VIRGINIA AREA",1050145
158.25,0,"U","DC-MARYLAND-VIRGINIA AREA",1094390
468.25,0,"U","DC-MARYLAND-VIRGINIA AREA",1081824
1077.25,0,"U","DC-MARYLAND-VIRGINIA AREA",1047317
175.75,0,"U","DC-MARYLAND-VIRGINIA AREA",1032710
282.75,0,"U","DC-MARYLAND-VIRGINIA AREA",1024469
345.75,0,"U","DC-MARYLAND-VIRGINIA AREA",1067589
83.25,0.666666667,"U","DC-MARYLAND-VIRGINIA AREA",1024296
1554,5.666666667,"Y","DC-MARYLAND-VIRGINIA AREA",1094968
340,0.333333333,"U","DC-MARYLAND-VIRGINIA AREA",1079756
313.25,16,"U","DC-MARYLAND-VIRGINIA AREA",1064884
304.75,1.333333333,"U","DC-MARYLAND-VIRGINIA AREA",1089709
267,0,"U","DC-MARYLAND-VIRGINIA AREA",1051449
209.5,0,"U","DC-MARYLAND-VIRGINIA AREA",1066121
218.6666667,1.333333333,"U","DC-MARYLAND-VIRGINIA AREA",1023109
1096.25,5.666666667,"U","DC-MARYLAND-VIRGINIA AREA",1058267
1417.5,365.6666667,"U","DC-MARYLAND-VIRGINIA AREA",1023013
373.5,0,"N","DC-MARYLAND-VIRGINIA AREA",1020552
438.5,1,"U","DC-MARYLAND-VIRGINIA AREA",1095568
829.25,0,"N","DC-MARYLAND-VIRGINIA AREA",1065819
242.75,0,"U","DC-MARYLAND-VIRGINIA AREA",1082800
848,7.333333333,"U","DC-MARYLAND-VIRGINIA AREA",1074094
164.25,2.333333333,"U","DC-MARYLAND-VIRGINIA AREA",1010246
872.75,3.666666667,"U","DC-MARYLAND-VIRGINIA AREA",1054436
586.25,0.666666667,"Y","DC-MARYLAND-VIRGINIA AREA",1057997
572,4,"U","DC-MARYLAND-VIRGINIA AREA",1084083
271.25,1,"U","DC-MARYLAND-VIRGINIA AREA",1047751
207.5,0,"N","DC-MARYLAND-VIRGINIA AREA",1017120
731.5,0,"U","DC-MARYLAND-VIRGINIA AREA",1020342
340,0,"U","DC-MARYLAND-VIRGINIA AREA",1093006
2.75,0,"U","DC-MARYLAND-VIRGINIA AREA",1052043
336,0,"U","DC-MARYLAND-VIRGINIA AREA",1081662
650.5,0,"U","DC-MARYLAND-VIRGINIA AREA",1094382
30.5,0,"U","DC-MARYLAND-VIRGINIA AREA",1025330
347.25,0.666666667,"U","DC-MARYLAND-VIRGINIA AREA",1094395
2532.75,1.333333333,"U","DC-MARYLAND-VIRGINIA AREA",1096937
2628.25,2.333333333,"Y","DC-MARYLAND-VIRGINIA AREA",1006071
76.75,0,"U","DC-MARYLAND-VIRGINIA AREA",1088311
NA,0,"Y","DC-MARYLAND-VIRGINIA AREA",1035007
198.75,0,"U","DC-MARYLAND-VIRGINIA AREA",1022772
389,0,"Y","DC-MARYLAND-VIRGINIA AREA",1022275
64.75,0,"U","DC-MARYLAND-VIRGINIA AREA",1026075
244.5,0,"U","DC-MARYLAND-VIRGINIA AREA",1061362
235.75,4.333333333,"U","DC-MARYLAND-VIRGINIA AREA",1049599
88,0,"U","DC-MARYLAND-VIRGINIA AREA",1067371
1499.75,4.333333333,"N","DC-MARYLAND-VIRGINIA AREA",1015324
993.75,5.666666667,"U","DC-MARYLAND-VIRGINIA AREA",1083915
489.75,8,"N","DC-MARYLAND-VIRGINIA AREA",1095897
520.75,0,"Y","DC-MARYLAND-VIRGINIA AREA",1078868
783.75,4,"Y","DC-MARYLAND-VIRGINIA AREA",1005145
432,0.333333333,"U","DC-MARYLAND-VIRGINIA AREA",1025092
826.75,43.33333333,"N","DC-MARYLAND-VIRGINIA AREA",1086002
0,0,"U","DC-MARYLAND-VIRGINIA AREA",1026303
553,0,"U","DC-MARYLAND-VIRGINIA AREA",1084526
39.75,0.333333333,"U","DC-MARYLAND-VIRGINIA AREA",1053801
231,0,"U","DC-MARYLAND-VIRGINIA AREA",1038594
1240,0,"U","DC-MARYLAND-VIRGINIA AREA",1016098
785.75,0.333333333,"Y","DC-MARYLAND-VIRGINIA AREA",1056645
1.5,0,"U","DC-MARYLAND-VIRGINIA AREA",1094360
647,0.333333333,"U","DC-MARYLAND-VIRGINIA AREA",1049118
302.25,0.333333333,"Y","DC-MARYLAND-VIRGINIA AREA",1042815
646.25,0,"U","DC-MARYLAND-VIRGINIA AREA",1025938
141.5,0,"U","DC-MARYLAND-VIRGINIA AREA",1022770
157,0,"Y","DC-MARYLAND-VIRGINIA AREA",1091721
25.5,0,"U","DC-MARYLAND-VIRGINIA AREA",1020526
495.75,1.666666667,"Y","DC-MARYLAND-VIRGINIA AREA",1054241
304.25,13.33333333,"U","DC-MARYLAND-VIRGINIA AREA",1023272
183.5,0,"U","DC-MARYLAND-VIRGINIA AREA",1027335
118.25,0,"U","DC-MARYLAND-VIRGINIA AREA",1055434
398.75,0,"U","DC-MARYLAND-VIRGINIA AREA",1029138
475.25,0.333333333,"U","DC-MARYLAND-VIRGINIA AREA",1048363
79.75,0,"U","DC-MARYLAND-VIRGINIA AREA",1076234
488.25,0.666666667,"U","DC-MARYLAND-VIRGINIA AREA",1061054
781,7,"U","DC-MARYLAND-VIRGINIA AREA",1089351
143.25,0,"Y","DC-MARYLAND-VIRGINIA AREA",1027627
70.75,0,"Y","DC-MARYLAND-VIRGINIA AREA",1014836
82,0,"N","DC-MARYLAND-VIRGINIA AREA",1039635
30,0,"U","DC-MARYLAND-VIRGINIA AREA",1013529
200.25,0,"U","DC-MARYLAND-VIRGINIA AREA",1082355
533.25,3.333333333,"U","DC-MARYLAND-VIRGINIA AREA",1018997
1004.25,19,"U","DC-MARYLAND-VIRGINIA AREA",1075243
568.5,2.666666667,"U","DC-MARYLAND-VIRGINIA AREA",1010336
498.25,0,"N","DC-MARYLAND-VIRGINIA AREA",1014246
666,0,"U","DC-MARYLAND-VIRGINIA AREA",1063931
380,0,"N","DC-MARYLAND-VIRGINIA AREA",1058524
110.75,0.333333333,"U","DC-MARYLAND-VIRGINIA AREA",1068545
384.5,0,"U","DC-MARYLAND-VIRGINIA AREA",1064558
374.75,0,"U","DC-MARYLAND-VIRGINIA AREA",1042220
65.5,0,"N","DC-MARYLAND-VIRGINIA AREA",1092115
753,0,"U","DC-MARYLAND-VIRGINIA AREA",1037960
667,2.666666667,"Y","DC-MARYLAND-VIRGINIA AREA",1046722
421.25,0,"N","DC-MARYLAND-VIRGINIA AREA",1066551
978.25,3.333333333,"Y","DC-MARYLAND-VIRGINIA AREA",1088382
240.75,0,"U","DC-MARYLAND-VIRGINIA AREA",1088191
784.5,0,"N","DC-MARYLAND-VIRGINIA AREA",1015641
121,0,"U","DC-MARYLAND-VIRGINIA AREA",1062500
1,0,"U","DC-MARYLAND-VIRGINIA AREA",1050927
406.25,0.666666667,"N","DC-MARYLAND-VIRGINIA AREA",1014214
49.75,0,"U","DC-MARYLAND-VIRGINIA AREA",1071798
444,2.666666667,"Y","DC-MARYLAND-VIRGINIA AREA",1021357
0,0,"U","DC-MARYLAND-VIRGINIA AREA",1081000
111.5,0,"Y","DC-MARYLAND-VIRGINIA AREA",1029689
362.75,3.333333333,"U","DC-MARYLAND-VIRGINIA AREA",1044759
112.75,0,"U","DC-MARYLAND-VIRGINIA AREA",1075515
206,0,"U","DC-MARYLAND-VIRGINIA AREA",1028172
105.25,0,"U","DC-MARYLAND-VIRGINIA AREA",1020188
1116.25,2.666666667,"U","DC-MARYLAND-VIRGINIA AREA",1016002
1200.25,4,"N","DC-MARYLAND-VIRGINIA AREA",1052665
827.5,0.333333333,"N","DC-MARYLAND-VIRGINIA AREA",1018407
1003.5,0.666666667,"U","DC-MARYLAND-VIRGINIA AREA",1094920
833.75,7.333333333,"Y","DC-MARYLAND-VIRGINIA AREA",1025158
694.25,3.333333333,"Y","DC-MARYLAND-VIRGINIA AREA",1018983
7.5,0,"Y","DC-MARYLAND-VIRGINIA AREA",1003580
244.75,0,"U","DC-MARYLAND-VIRGINIA AREA",1084964
415,0,"U","DC-MARYLAND-VIRGINIA AREA",1080990
188,0,"U","DC-MARYLAND-VIRGINIA AREA",1094352
455.25,3.666666667,"N","DC-MARYLAND-VIRGINIA AREA",1049414
949,2.666666667,"U","DC-MARYLAND-VIRGINIA AREA",1097459
669.75,0.333333333,"N","DC-MARYLAND-VIRGINIA AREA",1029821
691,6,"N","DC-MARYLAND-VIRGINIA AREA",1084585
364.5,1,"U","DC-MARYLAND-VIRGINIA AREA",1066889
123.25,1.333333333,"U","DC-MARYLAND-VIRGINIA AREA",1094519
33.75,0,"U","DC-MARYLAND-VIRGINIA AREA",1036278
1375,2.333333333,"N","DC-MARYLAND-VIRGINIA AREA",1032006
1691,23.33333333,"U","DC-MARYLAND-VIRGINIA AREA",1096158
250.5,0,"Y","DC-MARYLAND-VIRGINIA AREA",1022322
481.75,0.333333333,"U","DC-MARYLAND-VIRGINIA AREA",1049899
89.25,0.333333333,"U","DC-MARYLAND-VIRGINIA AREA",1095013
573,0,"U","DC-MARYLAND-VIRGINIA AREA",1073446
1235.25,2.666666667,"Y","DC-MARYLAND-VIRGINIA AREA",1044535
55.25,0,"U","DC-MARYLAND-VIRGINIA AREA",1094404
20,0,"U","DC-MARYLAND-VIRGINIA AREA",1094072
189.5,0,"Y","DC-MARYLAND-VIRGINIA AREA",1014207
NA,0,"N","DC-MARYLAND-VIRGINIA AREA",1036489
703.5,0,"N","DC-MARYLAND-VIRGINIA AREA",1070114
2035.75,16,"U","DC-MARYLAND-VIRGINIA AREA",1027818
603.75,4.666666667,"Y","DC-MARYLAND-VIRGINIA AREA",1040419
1117.25,0,"U","DC-MARYLAND-VIRGINIA AREA",1019459
25.5,0,"U","DC-MARYLAND-VIRGINIA AREA",1023211
808.75,2.333333333,"U","DC-MARYLAND-VIRGINIA AREA",1083608
176.5,1.333333333,"U","DC-MARYLAND-VIRGINIA AREA",1085648
1454.25,4.666666667,"U","DC-MARYLAND-VIRGINIA AREA",1053854
356.5,0,"N","DC-MARYLAND-VIRGINIA AREA",1012660
17,0,"Y","DC-MARYLAND-VIRGINIA AREA",1046202
415.5,2.333333333,"Y","DC-MARYLAND-VIRGINIA AREA",1012861
208.75,1.666666667,"N","DC-MARYLAND-VIRGINIA AREA",1017786
144,0,"U","DC-MARYLAND-VIRGINIA AREA",1030823
184,0,"U","DC-MARYLAND-VIRGINIA AREA",1079500
33,0,"Y","DC-MARYLAND-VIRGINIA AREA",1005652
458.5,0.333333333,"U","DC-MARYLAND-VIRGINIA AREA",1072144
90.5,0,"Y","DC-MARYLAND-VIRGINIA AREA",1055234
780.5,0,"U","DC-MARYLAND-VIRGINIA AREA",1084679
120.5,0,"N","DC-MARYLAND-VIRGINIA AREA",1018009
506.75,2.666666667,"U","DC-MARYLAND-VIRGINIA AREA",1088761
81.75,0,"U","DC-MARYLAND-VIRGINIA AREA",1031557
369,0.666666667,"U","DC-MARYLAND-VIRGINIA AREA",1060493
195.5,0,"Y","DC-MARYLAND-VIRGINIA AREA",1005300
534.5,0,"U","DC-MARYLAND-VIRGINIA AREA",1030451
667.75,0,"U","DC-MARYLAND-VIRGINIA AREA",1019201
266.75,0,"Y","DC-MARYLAND-VIRGINIA AREA",1026411
2823.5,25.66666667,"U","DC-MARYLAND-VIRGINIA AREA",1096297
727.75,6.666666667,"U","DC-MARYLAND-VIRGINIA AREA",1055355
245.75,0.333333333,"Y","DC-MARYLAND-VIRGINIA AREA",1017164
130.25,0,"U","DC-MARYLAND-VIRGINIA AREA",1021068
258.25,0,"Y","DC-MARYLAND-VIRGINIA AREA",1049046
528.5,0,"Y","DC-MARYLAND-VIRGINIA AREA",1023277
1271,1,"U","DC-MARYLAND-VIRGINIA AREA",1084785
1112,10,"U","DC-MARYLAND-VIRGINIA AREA",1094788
196,0.333333333,"U","DC-MARYLAND-VIRGINIA AREA",1016824
50.25,1.666666667,"Y","DC-MARYLAND-VIRGINIA AREA",1089016
13,0,"Y","DC-MARYLAND-VIRGINIA AREA",1047977
293,0,"U","DC-MARYLAND-VIRGINIA AREA",1020708
60.5,0,"U","DC-MARYLAND-VIRGINIA AREA",1021729
338,0,"Y","DC-MARYLAND-VIRGINIA AREA",1004854
480.75,9,"U","DC-MARYLAND-VIRGINIA AREA",1042958
119.75,0,"N","DC-MARYLAND-VIRGINIA AREA",1067999
166,0,"U","DC-MARYLAND-VIRGINIA AREA",1009834
43.75,0,"U","DC-MARYLAND-VIRGINIA AREA",1033898
288.75,0,"U","DC-MARYLAND-VIRGINIA AREA",1065323
246.25,0.666666667,"U","DC-MARYLAND-VIRGINIA AREA",1059410
547.75,1.666666667,"U","DC-MARYLAND-VIRGINIA AREA",1049976
715,0,"U","DC-MARYLAND-VIRGINIA AREA",1093315
66.75,0,"Y","DC-MARYLAND-VIRGINIA AREA",1043890
767.5,3,"U","DC-MARYLAND-VIRGINIA AREA",1093566
728.5,7.333333333,"Y","DC-MARYLAND-VIRGINIA AREA",1063748
226.25,0.666666667,"Y","DC-MARYLAND-VIRGINIA AREA",1077199
29.25,0,"U","DC-MARYLAND-VIRGINIA AREA",1009710
612.5,2.333333333,"Y","DC-MARYLAND-VIRGINIA AREA",1045414
33.75,0,"U","DC-MARYLAND-VIRGINIA AREA",1025203
108.25,0,"U","DC-MARYLAND-VIRGINIA AREA",1023206
1091.25,13.33333333,"U","DC-MARYLAND-VIRGINIA AREA",1089919
16.25,0.666666667,"U","DC-MARYLAND-VIRGINIA AREA",1021912
28.5,0.666666667,"U","DC-MARYLAND-VIRGINIA AREA",1062234
568.25,0.666666667,"U","DC-MARYLAND-VIRGINIA AREA",1014005
87.25,0,"N","DC-MARYLAND-VIRGINIA AREA",1061236
866.5,0,"U","DC-MARYLAND-VIRGINIA AREA",1080066
76.25,0,"U","DC-MARYLAND-VIRGINIA AREA",1042101
670.75,2.333333333,"U","DC-MARYLAND-VIRGINIA AREA",1062760
238.75,0,"Y","DC-MARYLAND-VIRGINIA AREA",1005327
81.75,0,"U","DC-MARYLAND-VIRGINIA AREA",1016039
81.75,0,"U","DC-MARYLAND-VIRGINIA AREA",1054473
1123.75,0.333333333,"Y","DC-MARYLAND-VIRGINIA AREA",1047209
33.25,0,"Y","DC-MARYLAND-VIRGINIA AREA",1094962
238.75,0,"U","DC-MARYLAND-VIRGINIA AREA",1078675
468.25,17,"U","DC-MARYLAND-VIRGINIA AREA",1052245
101.25,0,"U","DC-MARYLAND-VIRGINIA AREA",1036241
253.5,0,"Y","DC-MARYLAND-VIRGINIA AREA",1032866
179.5,0,"Y","DC-MARYLAND-VIRGINIA AREA",1064909
89.75,0,"U","DC-MARYLAND-VIRGINIA AREA",1022276
608.5,0,"U","DC-MARYLAND-VIRGINIA AREA",1086115
1899.25,21.66666667,"U","DC-MARYLAND-VIRGINIA AREA",1074255
48,0,"N","DC-MARYLAND-VIRGINIA AREA",1026149
0,0,"U","DC-MARYLAND-VIRGINIA AREA",1084786
93.25,0,"U","DC-MARYLAND-VIRGINIA AREA",1046541
