"mou_Mean","custcare_Mean","new_cell","area","Customer_ID"
345,3,"U","NEW YORK CITY AREA",1031705
772.75,7,"U","NEW YORK CITY AREA",1091652
44.25,0.333333333,"Y","NEW YORK CITY AREA",1013855
451.5,11.66666667,"Y","NEW YORK CITY AREA",1055064
128,0,"U","NEW YORK CITY AREA",1062755
1197.75,1,"U","NEW YORK CITY AREA",1086911
571,2,"U","NEW YORK CITY AREA",1027630
153.25,0,"N","NEW YORK CITY AREA",1049266
58.75,0,"Y","NEW YORK CITY AREA",1028772
112,1.333333333,"U","NEW YORK CITY AREA",1018335
984.5,1.333333333,"U","NEW YORK CITY AREA",1089902
155.75,0.333333333,"N","NEW YORK CITY AREA",1047944
19,0,"Y","NEW YORK CITY AREA",1017236
33.25,0,"U","NEW YORK CITY AREA",1021284
385.5,6.666666667,"U","NEW YORK CITY AREA",1032537
32.5,0,"Y","NEW YORK CITY AREA",1065065
774.25,0,"U","NEW YORK CITY AREA",1066934
89,0,"U","NEW YORK CITY AREA",1017405
475.75,0.666666667,"Y","NEW YORK CITY AREA",1034603
332.5,0,"Y","NEW YORK CITY AREA",1021722
660.75,0,"Y","NEW YORK CITY AREA",1015715
619.25,0.333333333,"Y","NEW YORK CITY AREA",1025682
116.25,0,"U","NEW YORK CITY AREA",1041906
198.25,0,"N","NEW YORK CITY AREA",1015682
528,0.666666667,"U","NEW YORK CITY AREA",1033966
423.5,0,"U","NEW YORK CITY AREA",1057695
1429.5,6,"Y","NEW YORK CITY AREA",1035849
544.25,0,"U","NEW YORK CITY AREA",1052776
1504.75,27.66666667,"U","NEW YORK CITY AREA",1080979
108.25,0,"U","NEW YORK CITY AREA",1031092
818.25,8.333333333,"U","NEW YORK CITY AREA",1093205
20.25,0.333333333,"U","NEW YORK CITY AREA",1035552
1586.5,0,"N","NEW YORK CITY AREA",1007984
1618,1.666666667,"N","NEW YORK CITY AREA",1071057
52.75,0,"U","NEW YORK CITY AREA",1083624
246.25,0,"U","NEW YORK CITY AREA",1018980
58.5,0,"Y","NEW YORK CITY AREA",1039221
412,0,"N","NEW YORK CITY AREA",1068435
52.5,0,"U","NEW YORK CITY AREA",1041879
347.25,2.666666667,"U","NEW YORK CITY AREA",1057302
25.5,2,"U","NEW YORK CITY AREA",1033802
214.75,4,"U","NEW YORK CITY AREA",1055424
1774.75,11,"U","NEW YORK CITY AREA",1056945
378.75,0,"U","NEW YORK CITY AREA",1011689
524.75,1.666666667,"N","NEW YORK CITY AREA",1035416
390.5,4,"U","NEW YORK CITY AREA",1077297
731.25,0,"U","NEW YORK CITY AREA",1084884
2035,14.33333333,"U","NEW YORK CITY AREA",1078621
974.75,0.666666667,"N","NEW YORK CITY AREA",1015789
950.5,0,"U","NEW YORK CITY AREA",1073424
552.25,0,"Y","NEW YORK CITY AREA",1026134
508,0,"U","NEW YORK CITY AREA",1050824
73.25,0,"Y","NEW YORK CITY AREA",1009771
2161.75,2.333333333,"U","NEW YORK CITY AREA",1064221
973.25,0,"U","NEW YORK CITY AREA",1050577
40.75,1,"U","NEW YORK CITY AREA",1005730
296,0,"N","NEW YORK CITY AREA",1037162
331.5,4,"U","NEW YORK CITY AREA",1018653
387.75,0.666666667,"Y","NEW YORK CITY AREA",1054125
745,2,"Y","NEW YORK CITY AREA",1028714
179.25,1,"Y","NEW YORK CITY AREA",1023880
191.25,0,"Y","NEW YORK CITY AREA",1069208
95,0,"N","NEW YORK CITY AREA",1063745
189.75,0,"U","NEW YORK CITY AREA",1041817
998.5,2.666666667,"N","NEW YORK CITY AREA",1058076
1150.25,1.333333333,"U","NEW YORK CITY AREA",1059172
387.75,0,"U","NEW YORK CITY AREA",1051993
962.75,2.333333333,"U","NEW YORK CITY AREA",1039182
152,0,"U","NEW YORK CITY AREA",1094080
100.25,0,"N","NEW YORK CITY AREA",1089728
404.5,2,"Y","NEW YORK CITY AREA",1001979
432.5,0,"Y","NEW YORK CITY AREA",1089543
159.25,0,"U","NEW YORK CITY AREA",1075263
62,0,"U","NEW YORK CITY AREA",1057010
528.5,0,"N","NEW YORK CITY AREA",1009505
1094.25,24.66666667,"Y","NEW YORK CITY AREA",1092708
639.75,0,"U","NEW YORK CITY AREA",1017509
931,8.333333333,"U","NEW YORK CITY AREA",1081583
57,0,"U","NEW YORK CITY AREA",1063342
138.25,0,"U","NEW YORK CITY AREA",1084350
275.5,0,"U","NEW YORK CITY AREA",1063017
192.75,0,"U","NEW YORK CITY AREA",1043167
829.25,3.333333333,"U","NEW YORK CITY AREA",1075197
297.75,1,"U","NEW YORK CITY AREA",1031370
49.75,0,"U","NEW YORK CITY AREA",1016709
113.5,0,"U","NEW YORK CITY AREA",1092742
5.75,0,"U","NEW YORK CITY AREA",1027744
573.5,0,"Y","NEW YORK CITY AREA",1060566
655.75,18.66666667,"Y","NEW YORK CITY AREA",1096064
144.25,0.333333333,"N","NEW YORK CITY AREA",1023845
415,9,"Y","NEW YORK CITY AREA",1052687
153,0,"U","NEW YORK CITY AREA",1020074
990.75,0,"U","NEW YORK CITY AREA",1053417
0,0,"U","NEW YORK CITY AREA",1062017
578.75,1,"Y","NEW YORK CITY AREA",1042601
319.25,4.333333333,"U","NEW YORK CITY AREA",1016693
39.5,0,"U","NEW YORK CITY AREA",1021121
455.5,0,"Y","NEW YORK CITY AREA",1019378
114.75,0,"N","NEW YORK CITY AREA",1035159
337.25,1.333333333,"U","NEW YORK CITY AREA",1090059
150.25,0,"U","NEW YORK CITY AREA",1034355
656.75,3.333333333,"U","NEW YORK CITY AREA",1015594
446.5,0,"U","NEW YORK CITY AREA",1093844
1252,29.33333333,"Y","NEW YORK CITY AREA",1040204
360.25,0.666666667,"Y","NEW YORK CITY AREA",1030490
347,0.666666667,"U","NEW YORK CITY AREA",1091171
92.25,0,"U","NEW YORK CITY AREA",1047854
0,0,"U","NEW YORK CITY AREA",1075381
311.5,0,"Y","NEW YORK CITY AREA",1047086
394.25,6,"Y","NEW YORK CITY AREA",1018513
114.75,0,"U","NEW YORK CITY AREA",1069759
246,1,"U","NEW YORK CITY AREA",1068061
1221.5,0,"Y","NEW YORK CITY AREA",1011727
125.75,0,"Y","NEW YORK CITY AREA",1028386
1320,4.666666667,"U","NEW YORK CITY AREA",1018960
555.5,1.666666667,"U","NEW YORK CITY AREA",1003569
1830,20.66666667,"Y","NEW YORK CITY AREA",1014442
903.5,5,"Y","NEW YORK CITY AREA",1096997
564.75,0,"Y","NEW YORK CITY AREA",1074635
1374.25,15.33333333,"U","NEW YORK CITY AREA",1092920
410.25,0,"N","NEW YORK CITY AREA",1064122
2166.5,5.666666667,"Y","NEW YORK CITY AREA",1037296
290.75,0,"U","NEW YORK CITY AREA",1080162
1188.5,0,"Y","NEW YORK CITY AREA",1049032
259,1.666666667,"U","NEW YORK CITY AREA",1027169
239.75,0.333333333,"U","NEW YORK CITY AREA",1044898
37.5,0,"U","NEW YORK CITY AREA",1049724
542.5,0.666666667,"Y","NEW YORK CITY AREA",1021376
1262,1.333333333,"Y","NEW YORK CITY AREA",1028748
459.5,0,"U","NEW YORK CITY AREA",1084562
403.75,0,"U","NEW YORK CITY AREA",1043763
127.25,0,"Y","NEW YORK CITY AREA",1007374
1323.75,28.66666667,"U","NEW YORK CITY AREA",1073224
2810,10.66666667,"U","NEW YORK CITY AREA",1080749
388,0,"Y","NEW YORK CITY AREA",1021913
332.5,0,"Y","NEW YORK CITY AREA",1011884
422,1,"U","NEW YORK CITY AREA",1073058
346.75,20,"U","NEW YORK CITY AREA",1071218
51.75,0,"Y","NEW YORK CITY AREA",1071468
0,0,"U","NEW YORK CITY AREA",1053344
501.25,0.666666667,"U","NEW YORK CITY AREA",1011002
168,1.333333333,"U","NEW YORK CITY AREA",1059604
0,0,"U","NEW YORK CITY AREA",1073921
2091.5,16,"U","NEW YORK CITY AREA",1010384
131.75,0,"U","NEW YORK CITY AREA",1017757
716.25,0.333333333,"U","NEW YORK CITY AREA",1049196
631.5,0,"Y","NEW YORK CITY AREA",1009460
0,0,"U","NEW YORK CITY AREA",1069650
744.75,0.333333333,"U","NEW YORK CITY AREA",1011111
894.25,0,"U","NEW YORK CITY AREA",1045339
392.5,0,"U","NEW YORK CITY AREA",1028459
1180.5,2,"U","NEW YORK CITY AREA",1019863
599.75,9,"U","NEW YORK CITY AREA",1083912
487.75,0.333333333,"N","NEW YORK CITY AREA",1007371
368.75,0,"Y","NEW YORK CITY AREA",1062462
204.25,0,"U","NEW YORK CITY AREA",1075942
41.25,0,"U","NEW YORK CITY AREA",1022204
267.5,0.333333333,"U","NEW YORK CITY AREA",1019233
230.25,0.666666667,"N","NEW YORK CITY AREA",1013667
83.5,0,"N","NEW YORK CITY AREA",1011900
349,0.666666667,"N","NEW YORK CITY AREA",1089934
99.75,0,"U","NEW YORK CITY AREA",1082577
101,0,"U","NEW YORK CITY AREA",1008179
6,0,"U","NEW YORK CITY AREA",1038473
1517.5,16.66666667,"Y","NEW YORK CITY AREA",1093517
532.25,1.333333333,"Y","NEW YORK CITY AREA",1041773
48.5,0,"N","NEW YORK CITY AREA",1043591
360.25,3.666666667,"U","NEW YORK CITY AREA",1040980
539.75,6.333333333,"U","NEW YORK CITY AREA",1041727
990.75,8.333333333,"N","NEW YORK CITY AREA",1035083
280,0.666666667,"Y","NEW YORK CITY AREA",1021010
658.75,0.666666667,"U","NEW YORK CITY AREA",1051356
421,1.666666667,"U","NEW YORK CITY AREA",1087159
276,0.666666667,"U","NEW YORK CITY AREA",1024442
1254.25,3.333333333,"U","NEW YORK CITY AREA",1004135
228,0.666666667,"U","NEW YORK CITY AREA",1057650
310.75,0,"Y","NEW YORK CITY AREA",1065987
579,1.666666667,"U","NEW YORK CITY AREA",1073493
1161.75,0,"U","NEW YORK CITY AREA",1005695
675.25,1.333333333,"U","NEW YORK CITY AREA",1070097
315.25,2,"Y","NEW YORK CITY AREA",1048507
1763,1.333333333,"Y","NEW YORK CITY AREA",1059688
479,0,"U","NEW YORK CITY AREA",1057460
640.5,1,"N","NEW YORK CITY AREA",1029484
790,0.333333333,"U","NEW YORK CITY AREA",1052140
1719.25,13.66666667,"Y","NEW YORK CITY AREA",1048022
136.5,2.333333333,"U","NEW YORK CITY AREA",1085256
1066,0.666666667,"Y","NEW YORK CITY AREA",1008378
1092.75,0,"U","NEW YORK CITY AREA",1042066
277,0,"N","NEW YORK CITY AREA",1032788
163.75,0,"N","NEW YORK CITY AREA",1023889
725.25,0.666666667,"U","NEW YORK CITY AREA",1043943
464.5,0,"U","NEW YORK CITY AREA",1037775
236.5,0,"U","NEW YORK CITY AREA",1074121
738,0.333333333,"U","NEW YORK CITY AREA",1042577
719.25,0,"N","NEW YORK CITY AREA",1005404
191.5,0,"Y","NEW YORK CITY AREA",1019891
54.75,0,"Y","NEW YORK CITY AREA",1068199
312,0,"U","NEW YORK CITY AREA",1065477
3,0,"N","NEW YORK CITY AREA",1085726
519,0,"U","NEW YORK CITY AREA",1043570
275.25,0,"Y","NEW YORK CITY AREA",1080538
500.25,0,"Y","NEW YORK CITY AREA",1092465
676,1.333333333,"Y","NEW YORK CITY AREA",1014851
1391.5,0.333333333,"U","NEW YORK CITY AREA",1022524
39.5,0,"Y","NEW YORK CITY AREA",1012821
225.75,3.666666667,"U","NEW YORK CITY AREA",1074960
165,1.666666667,"U","NEW YORK CITY AREA",1037594
652.25,0,"U","NEW YORK CITY AREA",1037902
1367,57,"U","NEW YORK CITY AREA",1085823
86.75,0.333333333,"U","NEW YORK CITY AREA",1015112
93.5,1.333333333,"Y","NEW YORK CITY AREA",1006476
1457.25,15.66666667,"U","NEW YORK CITY AREA",1053287
526,0.666666667,"U","NEW YORK CITY AREA",1030996
148.75,0.333333333,"U","NEW YORK CITY AREA",1012135
35.25,0,"U","NEW YORK CITY AREA",1053916
481.25,0,"U","NEW YORK CITY AREA",1003837
183.25,2,"U","NEW YORK CITY AREA",1054046
615.25,0.333333333,"N","NEW YORK CITY AREA",1061434
574.75,1,"U","NEW YORK CITY AREA",1015880
1091,6.666666667,"Y","NEW YORK CITY AREA",1096975
570.25,3.333333333,"Y","NEW YORK CITY AREA",1022457
198,1,"U","NEW YORK CITY AREA",1040634
66.5,0,"U","NEW YORK CITY AREA",1004792
213.75,9,"Y","NEW YORK CITY AREA",1004108
174.25,1.333333333,"N","NEW YORK CITY AREA",1008139
305.5,0,"U","NEW YORK CITY AREA",1095486
353.5,0.666666667,"U","NEW YORK CITY AREA",1041700
693.75,0,"N","NEW YORK CITY AREA",1008338
827.5,4.333333333,"U","NEW YORK CITY AREA",1088149
20.5,0.333333333,"U","NEW YORK CITY AREA",1031812
185,5,"U","NEW YORK CITY AREA",1052013
99.5,2,"U","NEW YORK CITY AREA",1043147
619,6,"U","NEW YORK CITY AREA",1027829
789,12,"N","NEW YORK CITY AREA",1019664
623.5,0,"U","NEW YORK CITY AREA",1081097
1132.75,9,"Y","NEW YORK CITY AREA",1021614
527.25,0,"Y","NEW YORK CITY AREA",1019083
1485.75,0,"U","NEW YORK CITY AREA",1055513
307,0,"U","NEW YORK CITY AREA",1090898
140.5,0,"U","NEW YORK CITY AREA",1015165
245.75,0,"U","NEW YORK CITY AREA",1054295
615.5,0,"N","NEW YORK CITY AREA",1017936
1025,2.666666667,"U","NEW YORK CITY AREA",1085902
680.25,4.333333333,"U","NEW YORK CITY AREA",1012083
567.25,0,"U","NEW YORK CITY AREA",1084399
400.75,5.666666667,"Y","NEW YORK CITY AREA",1078784
387.25,3.333333333,"U","NEW YORK CITY AREA",1031357
437.75,0.333333333,"Y","NEW YORK CITY AREA",1054830
314,0,"Y","NEW YORK CITY AREA",1052472
268,2.666666667,"U","NEW YORK CITY AREA",1080278
279.75,1.666666667,"U","NEW YORK CITY AREA",1096813
504.75,0.666666667,"Y","NEW YORK CITY AREA",1041354
92.5,0,"U","NEW YORK CITY AREA",1011970
42.25,0,"Y","NEW YORK CITY AREA",1006770
472.25,0,"Y","NEW YORK CITY AREA",1076535
552.25,0,"U","NEW YORK CITY AREA",1062973
137,1.333333333,"U","NEW YORK CITY AREA",1045415
362.75,0,"U","NEW YORK CITY AREA",1007947
712.5,2,"U","NEW YORK CITY AREA",1041717
755,39.33333333,"Y","NEW YORK CITY AREA",1051120
153,0,"U","NEW YORK CITY AREA",1048312
0,0,"U","NEW YORK CITY AREA",1018618
1130.75,1.333333333,"U","NEW YORK CITY AREA",1059094
1143.75,7.666666667,"N","NEW YORK CITY AREA",1032525
485.75,0.666666667,"Y","NEW YORK CITY AREA",1086463
723.25,5.666666667,"Y","NEW YORK CITY AREA",1072030
289.75,0,"Y","NEW YORK CITY AREA",1034177
601.5,0.666666667,"U","NEW YORK CITY AREA",1016414
248.25,0,"U","NEW YORK CITY AREA",1067094
420.25,0,"U","NEW YORK CITY AREA",1073015
1063.25,0,"U","NEW YORK CITY AREA",1071327
138,0.666666667,"N","NEW YORK CITY AREA",1014604
212,0,"U","NEW YORK CITY AREA",1050570
451.75,0.666666667,"U","NEW YORK CITY AREA",1019104
369,0,"Y","NEW YORK CITY AREA",1003986
1670.5,2,"Y","NEW YORK CITY AREA",1091281
0.5,0,"U","NEW YORK CITY AREA",1039589
507.5,2,"U","NEW YORK CITY AREA",1020084
589.75,9.333333333,"U","NEW YORK CITY AREA",1061260
37.25,0,"U","NEW YORK CITY AREA",1014647
736.75,1.666666667,"N","NEW YORK CITY AREA",1017067
582.5,0,"U","NEW YORK CITY AREA",1068659
35.25,0.333333333,"U","NEW YORK CITY AREA",1088596
861,5,"U","NEW YORK CITY AREA",1048646
930.5,0,"U","NEW YORK CITY AREA",1003856
107.75,0.333333333,"U","NEW YORK CITY AREA",1010731
59.5,0,"U","NEW YORK CITY AREA",1030639
245.5,4,"U","NEW YORK CITY AREA",1040268
364,15.66666667,"N","NEW YORK CITY AREA",1067232
413.25,1.666666667,"U","NEW YORK CITY AREA",1086501
858.75,11.33333333,"U","NEW YORK CITY AREA",1078056
734,14,"U","NEW YORK CITY AREA",1084003
674.75,0.666666667,"U","NEW YORK CITY AREA",1038868
1578.75,6.333333333,"U","NEW YORK CITY AREA",1025077
143.5,0,"U","NEW YORK CITY AREA",1059637
410.25,4.333333333,"N","NEW YORK CITY AREA",1007018
1008.5,0,"U","NEW YORK CITY AREA",1054808
989.25,5.666666667,"U","NEW YORK CITY AREA",1038116
489.5,0,"U","NEW YORK CITY AREA",1079138
167.5,0,"N","NEW YORK CITY AREA",1003744
36.5,0,"U","NEW YORK CITY AREA",1041261
199.5,0.333333333,"U","NEW YORK CITY AREA",1054641
360,9,"N","NEW YORK CITY AREA",1030699
95.25,0,"Y","NEW YORK CITY AREA",1008480
528.75,0,"Y","NEW YORK CITY AREA",1003077
53.25,0,"U","NEW YORK CITY AREA",1006970
51.25,0,"U","NEW YORK CITY AREA",1037003
282.25,0.333333333,"N","NEW YORK CITY AREA",1041385
217.5,2.666666667,"U","NEW YORK CITY AREA",1095071
660.25,0,"Y","NEW YORK CITY AREA",1045405
593.75,0,"U","NEW YORK CITY AREA",1020729
128,0,"N","NEW YORK CITY AREA",1013703
507,7,"Y","NEW YORK CITY AREA",1025952
653.5,0,"U","NEW YORK CITY AREA",1090072
0,0,"Y","NEW YORK CITY AREA",1005354
2100,11.66666667,"U","NEW YORK CITY AREA",1058502
133,0,"U","NEW YORK CITY AREA",1041429
1130,0.666666667,"U","NEW YORK CITY AREA",1073780
456,0,"U","NEW YORK CITY AREA",1085147
746.25,0,"U","NEW YORK CITY AREA",1010406
535.5,0,"N","NEW YORK CITY AREA",1003663
74.25,0,"Y","NEW YORK CITY AREA",1018123
40.5,0,"U","NEW YORK CITY AREA",1018990
453.5,2.333333333,"Y","NEW YORK CITY AREA",1011239
399.25,0,"U","NEW YORK CITY AREA",1044554
154,0.333333333,"U","NEW YORK CITY AREA",1032223
1186,0,"Y","NEW YORK CITY AREA",1033992
135.75,0,"Y","NEW YORK CITY AREA",1057246
420.75,0,"Y","NEW YORK CITY AREA",1016972
301.25,0.666666667,"U","NEW YORK CITY AREA",1016978
653.5,2.666666667,"Y","NEW YORK CITY AREA",1095440
572.75,0.333333333,"N","NEW YORK CITY AREA",1026060
307,0,"N","NEW YORK CITY AREA",1043048
231.25,0,"U","NEW YORK CITY AREA",1093706
774.5,1.666666667,"U","NEW YORK CITY AREA",1022093
680,1.333333333,"U","NEW YORK CITY AREA",1002334
572.75,0,"U","NEW YORK CITY AREA",1045652
3328.5,57,"N","NEW YORK CITY AREA",1049040
854.25,0,"Y","NEW YORK CITY AREA",1043396
598.25,10.33333333,"U","NEW YORK CITY AREA",1081975
92.5,0,"U","NEW YORK CITY AREA",1060893
331.25,0,"U","NEW YORK CITY AREA",1011964
1256.5,8.333333333,"Y","NEW YORK CITY AREA",1095797
670.75,0,"U","NEW YORK CITY AREA",1008822
1797.75,6.666666667,"Y","NEW YORK CITY AREA",1002430
48,0,"U","NEW YORK CITY AREA",1068176
361,1,"Y","NEW YORK CITY AREA",1066528
504,0,"N","NEW YORK CITY AREA",1019853
228.25,0,"U","NEW YORK CITY AREA",1090438
224.25,0,"N","NEW YORK CITY AREA",1037807
121.25,0,"Y","NEW YORK CITY AREA",1034429
271.25,0,"U","NEW YORK CITY AREA",1045920
290,0,"N","NEW YORK CITY AREA",1012293
235.75,0,"Y","NEW YORK CITY AREA",1022294
207.75,17,"U","NEW YORK CITY AREA",1081338
2183.5,0,"U","NEW YORK CITY AREA",1073391
586.25,8.666666667,"U","NEW YORK CITY AREA",1081729
719.5,0,"U","NEW YORK CITY AREA",1023817
133.5,0,"Y","NEW YORK CITY AREA",1023236
395.75,8,"U","NEW YORK CITY AREA",1095632
144,0.333333333,"U","NEW YORK CITY AREA",1083386
937.5,7.333333333,"U","NEW YORK CITY AREA",1078265
1385,2,"N","NEW YORK CITY AREA",1086336
514.25,6.333333333,"N","NEW YORK CITY AREA",1034749
122.25,0,"Y","NEW YORK CITY AREA",1068097
130.25,0,"Y","NEW YORK CITY AREA",1054183
546,0.333333333,"U","NEW YORK CITY AREA",1069244
2309.25,11.66666667,"Y","NEW YORK CITY AREA",1047969
724,0,"N","NEW YORK CITY AREA",1042843
581,0,"N","NEW YORK CITY AREA",1072520
404.5,3.666666667,"U","NEW YORK CITY AREA",1088123
1118.5,8.666666667,"U","NEW YORK CITY AREA",1083965
240.75,0,"U","NEW YORK CITY AREA",1085725
878.25,0,"N","NEW YORK CITY AREA",1017664
297,0,"U","NEW YORK CITY AREA",1018868
387.5,0,"U","NEW YORK CITY AREA",1037204
245,0,"N","NEW YORK CITY AREA",1011348
1025.25,6,"U","NEW YORK CITY AREA",1079829
94.25,0,"U","NEW YORK CITY AREA",1095750
1848.25,0,"U","NEW YORK CITY AREA",1041041
304.5,0,"N","NEW YORK CITY AREA",1012084
2967.75,23.33333333,"Y","NEW YORK CITY AREA",1090079
1198,5,"Y","NEW YORK CITY AREA",1049703
460.75,0,"U","NEW YORK CITY AREA",1066560
392.75,9.666666667,"N","NEW YORK CITY AREA",1019375
249,0.333333333,"U","NEW YORK CITY AREA",1035712
302,1,"N","NEW YORK CITY AREA",1034357
249.25,0,"N","NEW YORK CITY AREA",1087147
1934.25,38,"U","NEW YORK CITY AREA",1088821
1118.25,0,"Y","NEW YORK CITY AREA",1051531
147.25,0,"U","NEW YORK CITY AREA",1083123
485.75,0,"U","NEW YORK CITY AREA",1046900
396.5,5.666666667,"U","NEW YORK CITY AREA",1083266
1134,14,"U","NEW YORK CITY AREA",1078215
57.75,0,"U","NEW YORK CITY AREA",1021738
200.75,0.666666667,"Y","NEW YORK CITY AREA",1026098
3656.25,93,"U","NEW YORK CITY AREA",1079185
152,1.333333333,"U","NEW YORK CITY AREA",1009450
224.5,0,"U","NEW YORK CITY AREA",1081488
32,0,"U","NEW YORK CITY AREA",1036450
2863.25,14.66666667,"U","NEW YORK CITY AREA",1091198
1310.5,4.666666667,"U","NEW YORK CITY AREA",1065085
895.25,1,"U","NEW YORK CITY AREA",1058995
684.25,4.666666667,"U","NEW YORK CITY AREA",1015297
405.75,1,"Y","NEW YORK CITY AREA",1051619
366.5,0.333333333,"U","NEW YORK CITY AREA",1072960
237,0,"U","NEW YORK CITY AREA",1052085
202.75,0,"U","NEW YORK CITY AREA",1047746
503.5,0,"N","NEW YORK CITY AREA",1076837
174.75,0,"U","NEW YORK CITY AREA",1079526
306.5,1.333333333,"U","NEW YORK CITY AREA",1008764
NA,0,"U","NEW YORK CITY AREA",1066885
979.5,0,"N","NEW YORK CITY AREA",1070369
1593.25,6.666666667,"U","NEW YORK CITY AREA",1053865
66.5,0,"U","NEW YORK CITY AREA",1058686
514.25,0,"U","NEW YORK CITY AREA",1081507
1826.25,0,"U","NEW YORK CITY AREA",1039978
1903,6.333333333,"Y","NEW YORK CITY AREA",1093424
40,0,"U","NEW YORK CITY AREA",1044115
337.5,0,"Y","NEW YORK CITY AREA",1007231
267.5,0.666666667,"U","NEW YORK CITY AREA",1042712
205.25,2.333333333,"U","NEW YORK CITY AREA",1022429
661.5,0,"N","NEW YORK CITY AREA",1036843
231,4,"U","NEW YORK CITY AREA",1045940
399.5,0,"U","NEW YORK CITY AREA",1069535
848.25,0,"Y","NEW YORK CITY AREA",1010796
384.25,1.333333333,"Y","NEW YORK CITY AREA",1014497
857.75,2.333333333,"U","NEW YORK CITY AREA",1037640
679.25,2.333333333,"U","NEW YORK CITY AREA",1084338
258.5,5.666666667,"U","NEW YORK CITY AREA",1045467
1264.5,16,"N","NEW YORK CITY AREA",1013945
1147.25,0,"U","NEW YORK CITY AREA",1074689
351.75,0,"N","NEW YORK CITY AREA",1065739
91.75,0,"Y","NEW YORK CITY AREA",1052930
684,5,"Y","NEW YORK CITY AREA",1009204
1090.25,3.333333333,"U","NEW YORK CITY AREA",1056421
496.75,0.333333333,"U","NEW YORK CITY AREA",1032662
65.25,0,"U","NEW YORK CITY AREA",1040277
398.5,0,"U","NEW YORK CITY AREA",1018082
489,2.666666667,"U","NEW YORK CITY AREA",1063627
64.75,0,"Y","NEW YORK CITY AREA",1050021
1315,4.666666667,"Y","NEW YORK CITY AREA",1017967
296,0,"N","NEW YORK CITY AREA",1044295
319,0,"Y","NEW YORK CITY AREA",1007035
565.25,0,"U","NEW YORK CITY AREA",1075616
427,1,"Y","NEW YORK CITY AREA",1073308
237,22,"U","NEW YORK CITY AREA",1070413
65.5,0,"U","NEW YORK CITY AREA",1036967
0,0,"U","NEW YORK CITY AREA",1055181
668.25,1.333333333,"Y","NEW YORK CITY AREA",1035782
1510.25,23.66666667,"U","NEW YORK CITY AREA",1077664
247,0,"U","NEW YORK CITY AREA",1006046
2386.5,6.666666667,"U","NEW YORK CITY AREA",1077858
495.25,0,"Y","NEW YORK CITY AREA",1031548
68,0,"U","NEW YORK CITY AREA",1011911
476,0,"N","NEW YORK CITY AREA",1002744
339,0,"U","NEW YORK CITY AREA",1032769
429.5,0,"U","NEW YORK CITY AREA",1072041
270,0,"U","NEW YORK CITY AREA",1037448
55.75,0,"U","NEW YORK CITY AREA",1088521
237.5,3.333333333,"Y","NEW YORK CITY AREA",1032266
828.25,4.333333333,"Y","NEW YORK CITY AREA",1086074
2297,1.666666667,"U","NEW YORK CITY AREA",1008522
11.5,0,"U","NEW YORK CITY AREA",1051133
254.75,0,"N","NEW YORK CITY AREA",1083502
849.5,0.333333333,"U","NEW YORK CITY AREA",1032204
263,0,"Y","NEW YORK CITY AREA",1006128
64.25,0,"U","NEW YORK CITY AREA",1090626
1999,6.666666667,"U","NEW YORK CITY AREA",1062168
60.25,0,"U","NEW YORK CITY AREA",1041599
545,12.66666667,"Y","NEW YORK CITY AREA",1085800
133.5,0.333333333,"U","NEW YORK CITY AREA",1059485
279,1.333333333,"Y","NEW YORK CITY AREA",1026725
797.25,4.666666667,"Y","NEW YORK CITY AREA",1055409
40,0.666666667,"U","NEW YORK CITY AREA",1054354
656.5,1.333333333,"U","NEW YORK CITY AREA",1084425
846.25,0.333333333,"U","NEW YORK CITY AREA",1052962
1321.75,0,"Y","NEW YORK CITY AREA",1061126
343.25,0,"U","NEW YORK CITY AREA",1019521
418.75,4.666666667,"N","NEW YORK CITY AREA",1023547
290.75,3,"U","NEW YORK CITY AREA",1038507
224.25,1,"N","NEW YORK CITY AREA",1032166
197.75,0,"U","NEW YORK CITY AREA",1092023
378.5,11.66666667,"U","NEW YORK CITY AREA",1096573
127.75,0,"N","NEW YORK CITY AREA",1000972
685,0,"Y","NEW YORK CITY AREA",1063682
89,0,"U","NEW YORK CITY AREA",1030705
627.75,3,"U","NEW YORK CITY AREA",1041028
631.25,17.66666667,"Y","NEW YORK CITY AREA",1037617
140.25,0,"N","NEW YORK CITY AREA",1001259
2346.5,12,"U","NEW YORK CITY AREA",1024502
1.5,0,"N","NEW YORK CITY AREA",1016584
107.75,0,"Y","NEW YORK CITY AREA",1008011
449.25,3.333333333,"U","NEW YORK CITY AREA",1056131
2,0,"Y","NEW YORK CITY AREA",1030191
808.5,0,"U","NEW YORK CITY AREA",1028635
267,0.333333333,"N","NEW YORK CITY AREA",1008183
1295.25,1.666666667,"N","NEW YORK CITY AREA",1067099
1825.75,3.666666667,"N","NEW YORK CITY AREA",1030103
669.5,0.333333333,"U","NEW YORK CITY AREA",1091003
594.75,3.333333333,"U","NEW YORK CITY AREA",1078107
817.75,0,"Y","NEW YORK CITY AREA",1010885
872.75,35.33333333,"Y","NEW YORK CITY AREA",1081529
516.25,3,"N","NEW YORK CITY AREA",1043683
241.25,1.666666667,"N","NEW YORK CITY AREA",1038454
1062.25,6.666666667,"Y","NEW YORK CITY AREA",1020703
587,2.333333333,"U","NEW YORK CITY AREA",1065786
592,0,"U","NEW YORK CITY AREA",1067742
2092.75,9.666666667,"N","NEW YORK CITY AREA",1074493
2644,3.333333333,"N","NEW YORK CITY AREA",1003915
54.5,0,"N","NEW YORK CITY AREA",1025991
558.25,0.666666667,"Y","NEW YORK CITY AREA",1049715
571,11.66666667,"U","NEW YORK CITY AREA",1092865
242,0,"U","NEW YORK CITY AREA",1048310
458.25,5.333333333,"U","NEW YORK CITY AREA",1076303
361,1,"U","NEW YORK CITY AREA",1043922
545.75,1.666666667,"N","NEW YORK CITY AREA",1035255
394,0.666666667,"N","NEW YORK CITY AREA",1026825
317.5,0,"U","NEW YORK CITY AREA",1056863
51.5,2,"U","NEW YORK CITY AREA",1083194
791,5,"N","NEW YORK CITY AREA",1081396
260,1.333333333,"Y","NEW YORK CITY AREA",1045116
845.5,3.666666667,"U","NEW YORK CITY AREA",1066727
52.75,0,"U","NEW YORK CITY AREA",1082684
1989.25,23.66666667,"U","NEW YORK CITY AREA",1029333
1679.25,22.66666667,"U","NEW YORK CITY AREA",1070273
459,1.666666667,"N","NEW YORK CITY AREA",1049408
547.75,0.666666667,"U","NEW YORK CITY AREA",1076454
79.5,0,"U","NEW YORK CITY AREA",1046815
1366.25,0,"Y","NEW YORK CITY AREA",1070991
1417.5,7.333333333,"N","NEW YORK CITY AREA",1077978
417.75,0,"U","NEW YORK CITY AREA",1085100
440.25,0,"N","NEW YORK CITY AREA",1031777
388,2,"U","NEW YORK CITY AREA",1040048
1219.75,1.333333333,"U","NEW YORK CITY AREA",1011163
492.5,0,"U","NEW YORK CITY AREA",1020123
962,34.33333333,"U","NEW YORK CITY AREA",1008922
171.25,0,"U","NEW YORK CITY AREA",1092783
682.25,7.333333333,"U","NEW YORK CITY AREA",1038883
55.25,0,"U","NEW YORK CITY AREA",1086305
528.25,8.333333333,"U","NEW YORK CITY AREA",1057362
1438.5,17.66666667,"U","NEW YORK CITY AREA",1093974
800.75,12.66666667,"U","NEW YORK CITY AREA",1081512
255,0,"U","NEW YORK CITY AREA",1045883
912,3.333333333,"N","NEW YORK CITY AREA",1036160
550.25,0,"Y","NEW YORK CITY AREA",1005051
147.25,0,"Y","NEW YORK CITY AREA",1061850
225.5,0.333333333,"U","NEW YORK CITY AREA",1026162
74,0,"U","NEW YORK CITY AREA",1012998
2299.5,14.33333333,"U","NEW YORK CITY AREA",1027298
344.5,0,"U","NEW YORK CITY AREA",1005309
593.75,8.333333333,"U","NEW YORK CITY AREA",1097502
15.25,0,"U","NEW YORK CITY AREA",1010153
240.75,0.333333333,"N","NEW YORK CITY AREA",1049290
949.75,12.66666667,"U","NEW YORK CITY AREA",1094308
79,1.666666667,"U","NEW YORK CITY AREA",1037821
77.5,0,"N","NEW YORK CITY AREA",1064119
1228.25,7.333333333,"N","NEW YORK CITY AREA",1085132
266.5,0,"U","NEW YORK CITY AREA",1009640
938.5,0.666666667,"U","NEW YORK CITY AREA",1019293
73.5,0,"U","NEW YORK CITY AREA",1050452
574.75,0,"U","NEW YORK CITY AREA",1059044
242.75,0,"U","NEW YORK CITY AREA",1040683
467.5,2.666666667,"U","NEW YORK CITY AREA",1096367
805.75,11.33333333,"Y","NEW YORK CITY AREA",1042138
287,2,"U","NEW YORK CITY AREA",1043825
180.5,0,"U","NEW YORK CITY AREA",1069469
41.75,0,"N","NEW YORK CITY AREA",1028757
457.25,5,"U","NEW YORK CITY AREA",1056424
226.75,0,"U","NEW YORK CITY AREA",1084927
216,0,"U","NEW YORK CITY AREA",1048532
789,13.66666667,"N","NEW YORK CITY AREA",1019713
197.75,3,"N","NEW YORK CITY AREA",1049310
46.25,0,"U","NEW YORK CITY AREA",1022811
76.5,0.333333333,"U","NEW YORK CITY AREA",1093414
364.5,0,"U","NEW YORK CITY AREA",1080153
555,0,"N","NEW YORK CITY AREA",1006222
930.5,0,"Y","NEW YORK CITY AREA",1068485
152.25,0,"U","NEW YORK CITY AREA",1085235
171,6.333333333,"Y","NEW YORK CITY AREA",1006385
502,0,"Y","NEW YORK CITY AREA",1006084
0,0,"Y","NEW YORK CITY AREA",1037964
11.75,0,"U","NEW YORK CITY AREA",1014347
50,0,"U","NEW YORK CITY AREA",1015870
938.5,4.666666667,"Y","NEW YORK CITY AREA",1050569
77.5,0,"U","NEW YORK CITY AREA",1040280
464.25,1,"U","NEW YORK CITY AREA",1076645
2968,7,"U","NEW YORK CITY AREA",1086096
236.25,0,"U","NEW YORK CITY AREA",1084467
343.25,0,"U","NEW YORK CITY AREA",1069614
1346.25,2,"U","NEW YORK CITY AREA",1083062
845.75,1,"U","NEW YORK CITY AREA",1076384
244.25,0.333333333,"Y","NEW YORK CITY AREA",1012657
549.25,0.666666667,"U","NEW YORK CITY AREA",1012292
244.25,2.333333333,"Y","NEW YORK CITY AREA",1034981
424.5,0,"U","NEW YORK CITY AREA",1059467
602.25,3,"U","NEW YORK CITY AREA",1067886
109.75,0,"U","NEW YORK CITY AREA",1095868
1331,4.333333333,"Y","NEW YORK CITY AREA",1073627
1481,2.333333333,"U","NEW YORK CITY AREA",1006235
797.25,0,"U","NEW YORK CITY AREA",1053845
409,0,"Y","NEW YORK CITY AREA",1011903
394,0.333333333,"U","NEW YORK CITY AREA",1045990
3390.75,7.333333333,"U","NEW YORK CITY AREA",1073285
266.25,0,"N","NEW YORK CITY AREA",1023616
75.25,0,"N","NEW YORK CITY AREA",1021221
37.5,0,"Y","NEW YORK CITY AREA",1011825
2224.75,11.66666667,"N","NEW YORK CITY AREA",1097131
473.75,1.666666667,"N","NEW YORK CITY AREA",1051187
133.75,0,"N","NEW YORK CITY AREA",1000455
909.5,1.666666667,"U","NEW YORK CITY AREA",1011490
154.25,1,"U","NEW YORK CITY AREA",1071964
281.25,0,"U","NEW YORK CITY AREA",1003365
465.25,0.333333333,"Y","NEW YORK CITY AREA",1000760
197.3333333,1,"Y","NEW YORK CITY AREA",1068273
20.25,0,"U","NEW YORK CITY AREA",1021189
469.5,1.666666667,"U","NEW YORK CITY AREA",1029332
289.5,0,"U","NEW YORK CITY AREA",1017165
215.5,0,"Y","NEW YORK CITY AREA",1037129
61.5,0,"U","NEW YORK CITY AREA",1010949
134.25,0,"U","NEW YORK CITY AREA",1010740
523.5,0.666666667,"N","NEW YORK CITY AREA",1048096
963.5,8,"U","NEW YORK CITY AREA",1067522
449.25,0,"U","NEW YORK CITY AREA",1056912
382.5,3.333333333,"U","NEW YORK CITY AREA",1044963
2250,0,"U","NEW YORK CITY AREA",1051239
82.25,0,"U","NEW YORK CITY AREA",1088724
1396.75,9,"Y","NEW YORK CITY AREA",1072686
73.5,0.666666667,"U","NEW YORK CITY AREA",1020615
71.25,0,"U","NEW YORK CITY AREA",1013668
405.25,0.666666667,"Y","NEW YORK CITY AREA",1055380
744,0,"U","NEW YORK CITY AREA",1025767
715.5,1,"N","NEW YORK CITY AREA",1031644
500.25,13.33333333,"U","NEW YORK CITY AREA",1093160
312.5,0.666666667,"U","NEW YORK CITY AREA",1033237
216.25,0,"U","NEW YORK CITY AREA",1030277
57.5,0,"N","NEW YORK CITY AREA",1018872
1321,4.333333333,"U","NEW YORK CITY AREA",1015832
337,8.666666667,"U","NEW YORK CITY AREA",1092817
463.75,4,"Y","NEW YORK CITY AREA",1050292
381,1.666666667,"U","NEW YORK CITY AREA",1096373
5,0,"U","NEW YORK CITY AREA",1032957
518,0,"U","NEW YORK CITY AREA",1072749
869,0.333333333,"U","NEW YORK CITY AREA",1048947
4.5,0,"U","NEW YORK CITY AREA",1054347
614.5,1,"N","NEW YORK CITY AREA",1056969
937.75,1.333333333,"U","NEW YORK CITY AREA",1054763
1063,3.666666667,"U","NEW YORK CITY AREA",1044586
465.75,3,"U","NEW YORK CITY AREA",1052625
1333.5,8,"U","NEW YORK CITY AREA",1055418
508.5,13.66666667,"U","NEW YORK CITY AREA",1087375
541.75,0,"U","NEW YORK CITY AREA",1071306
149.5,0,"U","NEW YORK CITY AREA",1038915
740,3.333333333,"U","NEW YORK CITY AREA",1056460
153.5,1.666666667,"U","NEW YORK CITY AREA",1032750
792,1.666666667,"U","NEW YORK CITY AREA",1091162
1874,8,"Y","NEW YORK CITY AREA",1076732
435.25,0.333333333,"Y","NEW YORK CITY AREA",1022057
731.5,1.333333333,"N","NEW YORK CITY AREA",1002282
306.5,4.666666667,"U","NEW YORK CITY AREA",1079846
213.25,1,"Y","NEW YORK CITY AREA",1088013
777,1,"N","NEW YORK CITY AREA",1081897
20.5,0,"Y","NEW YORK CITY AREA",1026080
875.5,2.666666667,"Y","NEW YORK CITY AREA",1018063
485,0,"U","NEW YORK CITY AREA",1030391
450,2,"Y","NEW YORK CITY AREA",1034849
893.5,2,"U","NEW YORK CITY AREA",1024214
2.25,0,"U","NEW YORK CITY AREA",1058477
499.75,0,"U","NEW YORK CITY AREA",1046655
605,0,"U","NEW YORK CITY AREA",1076105
324.5,0.333333333,"U","NEW YORK CITY AREA",1026334
1127.75,1,"Y","NEW YORK CITY AREA",1022666
1342.25,3,"U","NEW YORK CITY AREA",1039906
833.75,0,"Y","NEW YORK CITY AREA",1014436
457.25,0,"N","NEW YORK CITY AREA",1084163
133.75,3.333333333,"Y","NEW YORK CITY AREA",1007378
498.5,1.333333333,"Y","NEW YORK CITY AREA",1018341
460.75,0,"U","NEW YORK CITY AREA",1023510
1398.75,12.66666667,"U","NEW YORK CITY AREA",1009783
1234,0,"U","NEW YORK CITY AREA",1080717
380,0,"Y","NEW YORK CITY AREA",1046337
437.75,0,"Y","NEW YORK CITY AREA",1027085
111.25,0,"Y","NEW YORK CITY AREA",1055995
435.75,0,"N","NEW YORK CITY AREA",1005337
54.5,0,"U","NEW YORK CITY AREA",1019646
423.25,1,"U","NEW YORK CITY AREA",1085446
1032.25,1,"U","NEW YORK CITY AREA",1042332
1475,2,"Y","NEW YORK CITY AREA",1040371
1303.75,39.66666667,"Y","NEW YORK CITY AREA",1089195
680,3,"U","NEW YORK CITY AREA",1043753
2272.5,15.33333333,"Y","NEW YORK CITY AREA",1089063
606.75,0,"U","NEW YORK CITY AREA",1048366
236.25,0,"N","NEW YORK CITY AREA",1001105
344.75,0,"U","NEW YORK CITY AREA",1081826
577.75,1,"Y","NEW YORK CITY AREA",1049952
778.75,11,"Y","NEW YORK CITY AREA",1031859
3146.5,3.666666667,"U","NEW YORK CITY AREA",1041096
161.5,0,"Y","NEW YORK CITY AREA",1015217
647,9.666666667,"U","NEW YORK CITY AREA",1020466
1464.5,8,"U","NEW YORK CITY AREA",1060564
286,0,"Y","NEW YORK CITY AREA",1077875
181.5,0,"Y","NEW YORK CITY AREA",1051287
16.5,1,"U","NEW YORK CITY AREA",1094851
83.5,0,"N","NEW YORK CITY AREA",1041152
188,0,"N","NEW YORK CITY AREA",1007067
1560,7,"U","NEW YORK CITY AREA",1052782
1931.5,11.66666667,"N","NEW YORK CITY AREA",1010483
362.25,1.666666667,"U","NEW YORK CITY AREA",1068680
124.25,0,"Y","NEW YORK CITY AREA",1031935
338,0.333333333,"U","NEW YORK CITY AREA",1018547
341,0,"N","NEW YORK CITY AREA",1011467
278.25,0,"U","NEW YORK CITY AREA",1096423
94,0.333333333,"N","NEW YORK CITY AREA",1029711
105.5,3,"U","NEW YORK CITY AREA",1016428
1020.5,1.666666667,"N","NEW YORK CITY AREA",1009613
12.25,0,"Y","NEW YORK CITY AREA",1090909
257,2,"Y","NEW YORK CITY AREA",1041023
63,0,"U","NEW YORK CITY AREA",1043726
293.5,0,"U","NEW YORK CITY AREA",1047616
265.25,5.333333333,"U","NEW YORK CITY AREA",1055092
140,0,"Y","NEW YORK CITY AREA",1010504
1169,6,"N","NEW YORK CITY AREA",1084156
1103,11.33333333,"N","NEW YORK CITY AREA",1010723
641,2,"Y","NEW YORK CITY AREA",1054804
313,0.666666667,"U","NEW YORK CITY AREA",1025104
547.25,0,"U","NEW YORK CITY AREA",1050874
336.25,0.333333333,"N","NEW YORK CITY AREA",1001123
768.5,0,"U","NEW YORK CITY AREA",1052690
172,0,"Y","NEW YORK CITY AREA",1035938
920.25,4.666666667,"Y","NEW YORK CITY AREA",1003409
645,0,"U","NEW YORK CITY AREA",1092834
44,0,"U","NEW YORK CITY AREA",1035249
247.5,0,"U","NEW YORK CITY AREA",1056758
879.25,2.666666667,"U","NEW YORK CITY AREA",1059491
692.5,0.666666667,"U","NEW YORK CITY AREA",1032835
495.75,0,"N","NEW YORK CITY AREA",1065237
401.25,1.333333333,"N","NEW YORK CITY AREA",1004173
641.5,1.666666667,"N","NEW YORK CITY AREA",1035234
452,0.333333333,"U","NEW YORK CITY AREA",1040739
619.5,0.333333333,"N","NEW YORK CITY AREA",1049517
922,3.333333333,"U","NEW YORK CITY AREA",1061346
548,0.333333333,"U","NEW YORK CITY AREA",1006887
1237,4,"U","NEW YORK CITY AREA",1016260
113,0,"N","NEW YORK CITY AREA",1044439
216,0,"U","NEW YORK CITY AREA",1024574
670,0,"U","NEW YORK CITY AREA",1056626
774.75,4.333333333,"Y","NEW YORK CITY AREA",1048103
53.5,0,"U","NEW YORK CITY AREA",1014439
781.75,7.333333333,"U","NEW YORK CITY AREA",1069585
852.75,21,"U","NEW YORK CITY AREA",1009282
133,0,"U","NEW YORK CITY AREA",1025999
335.75,0,"U","NEW YORK CITY AREA",1090229
790.5,0,"Y","NEW YORK CITY AREA",1066927
484.25,0.666666667,"U","NEW YORK CITY AREA",1014954
443.5,1.333333333,"Y","NEW YORK CITY AREA",1022900
660.75,0,"N","NEW YORK CITY AREA",1003794
219,0,"Y","NEW YORK CITY AREA",1069628
362.25,0.333333333,"N","NEW YORK CITY AREA",1005874
1766,6.333333333,"Y","NEW YORK CITY AREA",1010497
1256,4,"U","NEW YORK CITY AREA",1063781
403.75,0,"U","NEW YORK CITY AREA",1037841
663,1.333333333,"Y","NEW YORK CITY AREA",1008435
533.75,0,"U","NEW YORK CITY AREA",1016933
175,0,"U","NEW YORK CITY AREA",1077866
46,0,"Y","NEW YORK CITY AREA",1013189
10.25,0,"N","NEW YORK CITY AREA",1006038
723.25,0,"U","NEW YORK CITY AREA",1052929
349.25,1,"N","NEW YORK CITY AREA",1005231
1169.75,6.666666667,"Y","NEW YORK CITY AREA",1039165
526.25,0,"Y","NEW YORK CITY AREA",1029141
325.5,3.333333333,"U","NEW YORK CITY AREA",1062340
427.5,0,"N","NEW YORK CITY AREA",1086618
0,0,"Y","NEW YORK CITY AREA",1007830
217.5,0,"U","NEW YORK CITY AREA",1070426
164.25,0,"U","NEW YORK CITY AREA",1084090
1012.5,15.66666667,"U","NEW YORK CITY AREA",1024157
1070.5,0.666666667,"U","NEW YORK CITY AREA",1048626
62.75,0,"Y","NEW YORK CITY AREA",1074259
185,0.333333333,"Y","NEW YORK CITY AREA",1016139
987,5,"N","NEW YORK CITY AREA",1038978
872,16.33333333,"U","NEW YORK CITY AREA",1050026
931.5,1,"U","NEW YORK CITY AREA",1044550
2424,9.666666667,"U","NEW YORK CITY AREA",1024202
127,0,"U","NEW YORK CITY AREA",1084941
139.75,0.666666667,"Y","NEW YORK CITY AREA",1017902
1677.5,22.66666667,"U","NEW YORK CITY AREA",1090618
313.25,2,"N","NEW YORK CITY AREA",1022573
131.25,0,"U","NEW YORK CITY AREA",1011144
490,0.333333333,"U","NEW YORK CITY AREA",1057510
20.25,0,"U","NEW YORK CITY AREA",1048872
208.25,0,"Y","NEW YORK CITY AREA",1092972
454.75,1,"N","NEW YORK CITY AREA",1032801
1410,1.333333333,"U","NEW YORK CITY AREA",1093550
254.5,0,"U","NEW YORK CITY AREA",1054171
534.5,0,"N","NEW YORK CITY AREA",1005023
519.75,0,"Y","NEW YORK CITY AREA",1005323
1539,3.333333333,"U","NEW YORK CITY AREA",1066631
31.75,0,"U","NEW YORK CITY AREA",1064113
374.5,0.666666667,"U","NEW YORK CITY AREA",1069331
345.25,0,"U","NEW YORK CITY AREA",1047220
217.5,0,"Y","NEW YORK CITY AREA",1023047
1024.5,4.666666667,"Y","NEW YORK CITY AREA",1050316
221,0.333333333,"U","NEW YORK CITY AREA",1050431
919,4.666666667,"Y","NEW YORK CITY AREA",1054963
403,1.333333333,"U","NEW YORK CITY AREA",1078064
477.5,0,"N","NEW YORK CITY AREA",1014472
296,2.666666667,"U","NEW YORK CITY AREA",1088820
1009.5,0.666666667,"U","NEW YORK CITY AREA",1078581
247.75,0,"U","NEW YORK CITY AREA",1091986
566.75,0,"N","NEW YORK CITY AREA",1061160
1112,6,"U","NEW YORK CITY AREA",1016016
32.5,0,"Y","NEW YORK CITY AREA",1043472
587.25,0,"Y","NEW YORK CITY AREA",1066701
614.5,0,"U","NEW YORK CITY AREA",1066508
104.75,2.666666667,"N","NEW YORK CITY AREA",1020352
502.5,0,"Y","NEW YORK CITY AREA",1015203
267.25,0.333333333,"U","NEW YORK CITY AREA",1015481
14.75,0,"U","NEW YORK CITY AREA",1014598
99.25,0,"N","NEW YORK CITY AREA",1019688
606,0.333333333,"U","NEW YORK CITY AREA",1046270
861.25,57,"Y","NEW YORK CITY AREA",1045943
134.25,0.333333333,"U","NEW YORK CITY AREA",1034964
82.75,0,"U","NEW YORK CITY AREA",1056012
1158.25,0,"U","NEW YORK CITY AREA",1058523
1996.75,29.33333333,"U","NEW YORK CITY AREA",1077149
340.25,0,"U","NEW YORK CITY AREA",1006766
359,0,"Y","NEW YORK CITY AREA",1008530
1904.5,4.333333333,"U","NEW YORK CITY AREA",1072422
438.25,10,"Y","NEW YORK CITY AREA",1090193
78.75,0,"N","NEW YORK CITY AREA",1095758
210.75,0,"U","NEW YORK CITY AREA",1015759
105.25,0,"U","NEW YORK CITY AREA",1038212
411.5,0.333333333,"Y","NEW YORK CITY AREA",1025668
148.5,0,"Y","NEW YORK CITY AREA",1071187
323.75,0.333333333,"U","NEW YORK CITY AREA",1039039
465.5,0,"N","NEW YORK CITY AREA",1002283
135,0.666666667,"U","NEW YORK CITY AREA",1096704
326.75,25.66666667,"U","NEW YORK CITY AREA",1066566
164.25,0,"Y","NEW YORK CITY AREA",1010937
139.25,0,"U","NEW YORK CITY AREA",1059460
240.75,0,"U","NEW YORK CITY AREA",1081537
812.25,15.66666667,"U","NEW YORK CITY AREA",1076248
43.25,0,"U","NEW YORK CITY AREA",1026904
172,0,"N","NEW YORK CITY AREA",1014801
476.75,0,"U","NEW YORK CITY AREA",1085970
272.75,6,"Y","NEW YORK CITY AREA",1091586
702.5,10,"U","NEW YORK CITY AREA",1047432
130.75,1,"U","NEW YORK CITY AREA",1057701
0,0,"Y","NEW YORK CITY AREA",1019107
134.25,0,"U","NEW YORK CITY AREA",1014256
1481.75,11.33333333,"U","NEW YORK CITY AREA",1015408
510,0,"U","NEW YORK CITY AREA",1033925
4304.5,14.33333333,"U","NEW YORK CITY AREA",1047316
172.5,0,"U","NEW YORK CITY AREA",1044558
256.5,2,"U","NEW YORK CITY AREA",1061376
581,0,"Y","NEW YORK CITY AREA",1064444
862.5,4,"Y","NEW YORK CITY AREA",1042247
1329,14.66666667,"U","NEW YORK CITY AREA",1078783
351.5,0,"U","NEW YORK CITY AREA",1047642
559,0,"Y","NEW YORK CITY AREA",1039887
153.5,1,"Y","NEW YORK CITY AREA",1018239
215.5,0,"U","NEW YORK CITY AREA",1073846
628.5,3.666666667,"Y","NEW YORK CITY AREA",1054040
103.25,0,"U","NEW YORK CITY AREA",1043629
2308,0.333333333,"U","NEW YORK CITY AREA",1007573
502,0,"U","NEW YORK CITY AREA",1058845
1206.75,0,"Y","NEW YORK CITY AREA",1063157
819.5,7.333333333,"U","NEW YORK CITY AREA",1046385
428.5,2.666666667,"U","NEW YORK CITY AREA",1059811
213.25,3,"U","NEW YORK CITY AREA",1053341
661.25,0,"Y","NEW YORK CITY AREA",1068781
843.5,2.333333333,"U","NEW YORK CITY AREA",1087507
900.25,8.333333333,"Y","NEW YORK CITY AREA",1035822
805,0,"Y","NEW YORK CITY AREA",1050542
179.25,0,"U","NEW YORK CITY AREA",1034692
554.5,11.66666667,"U","NEW YORK CITY AREA",1092780
840.5,9,"U","NEW YORK CITY AREA",1079146
673.5,1.5,"U","NEW YORK CITY AREA",1066266
1088.75,8.666666667,"U","NEW YORK CITY AREA",1074721
188.75,0,"Y","NEW YORK CITY AREA",1087052
848.75,5.333333333,"U","NEW YORK CITY AREA",1008168
697,17.33333333,"U","NEW YORK CITY AREA",1012349
388.5,0,"U","NEW YORK CITY AREA",1005437
411.75,0,"U","NEW YORK CITY AREA",1017973
660,0,"Y","NEW YORK CITY AREA",1095733
49.75,0,"U","NEW YORK CITY AREA",1018833
391.25,1,"N","NEW YORK CITY AREA",1005239
203.5,0.333333333,"U","NEW YORK CITY AREA",1062393
0,0,"U","NEW YORK CITY AREA",1078102
766,0,"U","NEW YORK CITY AREA",1055153
238,1.333333333,"N","NEW YORK CITY AREA",1053183
133,0,"U","NEW YORK CITY AREA",1015707
1630.25,4.666666667,"N","NEW YORK CITY AREA",1069536
295,0,"U","NEW YORK CITY AREA",1094086
1897,0,"U","NEW YORK CITY AREA",1070329
110,0,"N","NEW YORK CITY AREA",1093133
90.75,0,"Y","NEW YORK CITY AREA",1044036
116.5,0,"Y","NEW YORK CITY AREA",1008347
469.75,2,"Y","NEW YORK CITY AREA",1069376
1138.5,13.66666667,"N","NEW YORK CITY AREA",1010038
1231,7,"U","NEW YORK CITY AREA",1095573
909,0,"N","NEW YORK CITY AREA",1073177
106.6666667,0,"U","NEW YORK CITY AREA",1015913
571.5,0,"U","NEW YORK CITY AREA",1055279
63.75,0,"U","NEW YORK CITY AREA",1020283
192.75,0,"Y","NEW YORK CITY AREA",1091626
920,1,"U","NEW YORK CITY AREA",1059187
37.5,2.333333333,"U","NEW YORK CITY AREA",1024747
757,0,"U","NEW YORK CITY AREA",1065142
625,0.666666667,"N","NEW YORK CITY AREA",1031375
1242.25,0,"U","NEW YORK CITY AREA",1072988
852.75,1.666666667,"N","NEW YORK CITY AREA",1006028
195.25,0,"U","NEW YORK CITY AREA",1055052
485,4,"U","NEW YORK CITY AREA",1056592
133.5,0,"U","NEW YORK CITY AREA",1096359
784.5,0,"U","NEW YORK CITY AREA",1016232
466,0.666666667,"U","NEW YORK CITY AREA",1037786
260.75,0,"Y","NEW YORK CITY AREA",1007521
195.75,0,"U","NEW YORK CITY AREA",1096379
660.25,4.333333333,"U","NEW YORK CITY AREA",1091312
1599.75,3.333333333,"U","NEW YORK CITY AREA",1083854
241.5,1.333333333,"Y","NEW YORK CITY AREA",1019076
230,0,"U","NEW YORK CITY AREA",1020304
501.5,0,"N","NEW YORK CITY AREA",1003338
1110.75,0,"U","NEW YORK CITY AREA",1037996
610,0,"Y","NEW YORK CITY AREA",1009776
234.25,0.333333333,"Y","NEW YORK CITY AREA",1052340
398.75,0,"N","NEW YORK CITY AREA",1013931
275.25,2.666666667,"U","NEW YORK CITY AREA",1087306
243.75,0,"Y","NEW YORK CITY AREA",1028727
2168.25,3.333333333,"U","NEW YORK CITY AREA",1009067
413.25,0.666666667,"N","NEW YORK CITY AREA",1001372
640,0.333333333,"N","NEW YORK CITY AREA",1035355
53.5,0.333333333,"U","NEW YORK CITY AREA",1073623
498.75,0,"U","NEW YORK CITY AREA",1004685
81,0,"U","NEW YORK CITY AREA",1006604
134.25,0,"U","NEW YORK CITY AREA",1090487
127.75,0,"N","NEW YORK CITY AREA",1028786
1263.5,1,"U","NEW YORK CITY AREA",1063042
698.75,12.66666667,"Y","NEW YORK CITY AREA",1019870
386.25,2,"N","NEW YORK CITY AREA",1049639
142.75,0,"U","NEW YORK CITY AREA",1030182
73,0,"Y","NEW YORK CITY AREA",1065688
363,0,"U","NEW YORK CITY AREA",1048682
479.75,0,"U","NEW YORK CITY AREA",1044926
947,0,"U","NEW YORK CITY AREA",1061389
52.5,0,"U","NEW YORK CITY AREA",1050009
593,0.333333333,"U","NEW YORK CITY AREA",1010583
148.75,0,"U","NEW YORK CITY AREA",1005071
241.5,5.333333333,"U","NEW YORK CITY AREA",1083954
265.25,0,"U","NEW YORK CITY AREA",1079390
377.25,1,"U","NEW YORK CITY AREA",1068221
34,0,"U","NEW YORK CITY AREA",1027540
956,23,"Y","NEW YORK CITY AREA",1026420
396.75,0,"U","NEW YORK CITY AREA",1060601
110.25,2.666666667,"U","NEW YORK CITY AREA",1072496
649.25,3.666666667,"Y","NEW YORK CITY AREA",1077222
204,1,"U","NEW YORK CITY AREA",1092992
72.75,0,"Y","NEW YORK CITY AREA",1010453
511.25,0,"U","NEW YORK CITY AREA",1068876
42.25,0,"U","NEW YORK CITY AREA",1029490
241.25,0,"Y","NEW YORK CITY AREA",1095650
220.75,0,"N","NEW YORK CITY AREA",1079506
459,0,"U","NEW YORK CITY AREA",1069453
795.25,0,"U","NEW YORK CITY AREA",1043903
176.5,0.333333333,"U","NEW YORK CITY AREA",1076851
244.5,0,"U","NEW YORK CITY AREA",1043974
591.75,0,"U","NEW YORK CITY AREA",1074058
344.25,0,"U","NEW YORK CITY AREA",1034286
505.25,0,"Y","NEW YORK CITY AREA",1012462
2725.25,14.66666667,"Y","NEW YORK CITY AREA",1050404
291,2,"U","NEW YORK CITY AREA",1022212
337.5,0,"N","NEW YORK CITY AREA",1020246
120,0,"N","NEW YORK CITY AREA",1003037
2289,0.333333333,"U","NEW YORK CITY AREA",1047359
178.25,0,"U","NEW YORK CITY AREA",1067584
319.25,3,"U","NEW YORK CITY AREA",1089660
120.75,0,"U","NEW YORK CITY AREA",1058476
88.75,0,"N","NEW YORK CITY AREA",1038120
1571.25,8.333333333,"U","NEW YORK CITY AREA",1095685
447,0,"U","NEW YORK CITY AREA",1014100
1753.5,9,"U","NEW YORK CITY AREA",1065820
640.75,4,"N","NEW YORK CITY AREA",1002059
374.25,0,"U","NEW YORK CITY AREA",1071794
814.5,7,"U","NEW YORK CITY AREA",1040343
1384.75,9.666666667,"U","NEW YORK CITY AREA",1078550
532.25,6.333333333,"N","NEW YORK CITY AREA",1052204
910.25,0.333333333,"N","NEW YORK CITY AREA",1090851
801.5,2,"Y","NEW YORK CITY AREA",1008321
271.25,0,"N","NEW YORK CITY AREA",1069511
3.5,0,"N","NEW YORK CITY AREA",1003576
983.25,15.33333333,"U","NEW YORK CITY AREA",1072680
194.5,0,"U","NEW YORK CITY AREA",1089264
1659.75,44,"Y","NEW YORK CITY AREA",1085342
315.3333333,0,"U","NEW YORK CITY AREA",1040970
23.75,0,"U","NEW YORK CITY AREA",1081001
2.75,0,"U","NEW YORK CITY AREA",1052616
2710,12,"U","NEW YORK CITY AREA",1052919
1130.75,0,"Y","NEW YORK CITY AREA",1048255
1205,0,"Y","NEW YORK CITY AREA",1072744
1083,16,"U","NEW YORK CITY AREA",1041602
1532.5,6.333333333,"U","NEW YORK CITY AREA",1055217
1532,7.333333333,"Y","NEW YORK CITY AREA",1069639
314.75,0,"Y","NEW YORK CITY AREA",1005230
706.75,18.33333333,"Y","NEW YORK CITY AREA",1030057
989.5,9.666666667,"Y","NEW YORK CITY AREA",1050978
409,1.666666667,"Y","NEW YORK CITY AREA",1007989
496.25,10.66666667,"N","NEW YORK CITY AREA",1095862
13.5,0,"U","NEW YORK CITY AREA",1008341
538.25,2,"U","NEW YORK CITY AREA",1052942
23.25,0,"N","NEW YORK CITY AREA",1041401
744.75,21.66666667,"N","NEW YORK CITY AREA",1024609
534,1.666666667,"U","NEW YORK CITY AREA",1018180
246.5,0,"Y","NEW YORK CITY AREA",1055968
288.25,0.666666667,"U","NEW YORK CITY AREA",1036798
1364.25,1.333333333,"Y","NEW YORK CITY AREA",1022806
747,0,"Y","NEW YORK CITY AREA",1093288
537.25,0,"Y","NEW YORK CITY AREA",1010240
517.25,1.333333333,"U","NEW YORK CITY AREA",1083740
1478.5,28.33333333,"U","NEW YORK CITY AREA",1037558
1945,16.66666667,"U","NEW YORK CITY AREA",1062848
1028.25,0.666666667,"N","NEW YORK CITY AREA",1001245
971.5,5.666666667,"U","NEW YORK CITY AREA",1023649
819.25,0,"U","NEW YORK CITY AREA",1074495
190.5,0.333333333,"U","NEW YORK CITY AREA",1049742
919.5,0,"U","NEW YORK CITY AREA",1040084
1106,4.333333333,"Y","NEW YORK CITY AREA",1025435
901.75,0,"N","NEW YORK CITY AREA",1014384
15,0,"Y","NEW YORK CITY AREA",1008191
467.75,5.333333333,"U","NEW YORK CITY AREA",1031253
776,9,"Y","NEW YORK CITY AREA",1053126
158,0,"U","NEW YORK CITY AREA",1060500
1517.25,5.666666667,"U","NEW YORK CITY AREA",1005316
66.5,0,"Y","NEW YORK CITY AREA",1009459
2576.75,0.333333333,"U","NEW YORK CITY AREA",1001057
99,0,"U","NEW YORK CITY AREA",1062966
925.5,0.666666667,"U","NEW YORK CITY AREA",1019983
149.25,0,"N","NEW YORK CITY AREA",1027103
512,0.666666667,"U","NEW YORK CITY AREA",1069417
791.75,9.666666667,"U","NEW YORK CITY AREA",1049752
1183,7,"N","NEW YORK CITY AREA",1050966
516.25,2.333333333,"N","NEW YORK CITY AREA",1037237
49.5,0.666666667,"Y","NEW YORK CITY AREA",1082901
577,0,"Y","NEW YORK CITY AREA",1016217
632.5,0,"U","NEW YORK CITY AREA",1012936
760,9.666666667,"U","NEW YORK CITY AREA",1032589
603.75,1,"U","NEW YORK CITY AREA",1043339
633.25,3.333333333,"U","NEW YORK CITY AREA",1026893
2235.5,13.33333333,"U","NEW YORK CITY AREA",1083454
327,0.333333333,"U","NEW YORK CITY AREA",1026805
365,0.333333333,"U","NEW YORK CITY AREA",1068627
262.25,1,"Y","NEW YORK CITY AREA",1052176
503.75,0,"U","NEW YORK CITY AREA",1090928
171.25,0,"U","NEW YORK CITY AREA",1081056
587.75,0,"U","NEW YORK CITY AREA",1056650
0,0,"U","NEW YORK CITY AREA",1094674
733.5,4.666666667,"U","NEW YORK CITY AREA",1060491
782.5,6,"U","NEW YORK CITY AREA",1067574
116,0,"U","NEW YORK CITY AREA",1034354
1094,3.333333333,"N","NEW YORK CITY AREA",1016258
451.25,0,"U","NEW YORK CITY AREA",1063560
507.25,12.33333333,"Y","NEW YORK CITY AREA",1021970
417,0,"U","NEW YORK CITY AREA",1021316
535.75,0,"U","NEW YORK CITY AREA",1079451
140,1,"N","NEW YORK CITY AREA",1030136
221.25,0,"U","NEW YORK CITY AREA",1060451
551.25,0,"U","NEW YORK CITY AREA",1052240
869,0,"Y","NEW YORK CITY AREA",1046653
954.75,1,"U","NEW YORK CITY AREA",1080320
200.5,0,"U","NEW YORK CITY AREA",1047368
398,0.333333333,"Y","NEW YORK CITY AREA",1050331
309.5,0,"U","NEW YORK CITY AREA",1041638
1313.25,12.33333333,"N","NEW YORK CITY AREA",1056638
878.5,0,"Y","NEW YORK CITY AREA",1049142
271,1,"U","NEW YORK CITY AREA",1023152
304.25,0,"U","NEW YORK CITY AREA",1065317
473,3,"Y","NEW YORK CITY AREA",1025528
114.75,0,"U","NEW YORK CITY AREA",1015962
657.5,0,"U","NEW YORK CITY AREA",1045246
0,0,"N","NEW YORK CITY AREA",1073306
1682.5,0.333333333,"U","NEW YORK CITY AREA",1035723
384,8,"U","NEW YORK CITY AREA",1091165
625.25,0,"U","NEW YORK CITY AREA",1094633
308.75,5.333333333,"U","NEW YORK CITY AREA",1088111
190,1.333333333,"U","NEW YORK CITY AREA",1096576
47.5,0,"U","NEW YORK CITY AREA",1056847
470.25,0,"N","NEW YORK CITY AREA",1006275
1648.75,0,"N","NEW YORK CITY AREA",1002011
1353.25,18.66666667,"N","NEW YORK CITY AREA",1012774
1033,1.666666667,"U","NEW YORK CITY AREA",1088662
1002.25,12,"U","NEW YORK CITY AREA",1079812
166.75,0,"Y","NEW YORK CITY AREA",1085464
804.5,5.666666667,"N","NEW YORK CITY AREA",1035615
793.75,0,"Y","NEW YORK CITY AREA",1053508
145,0.666666667,"U","NEW YORK CITY AREA",1094834
62,0,"U","NEW YORK CITY AREA",1036705
36.5,0,"U","NEW YORK CITY AREA",1039484
25.25,0,"U","NEW YORK CITY AREA",1073927
509.25,1,"U","NEW YORK CITY AREA",1048228
184,0,"U","NEW YORK CITY AREA",1039009
478.5,0,"U","NEW YORK CITY AREA",1014302
405,0,"U","NEW YORK CITY AREA",1080377
18.75,0,"Y","NEW YORK CITY AREA",1020528
1228,7,"U","NEW YORK CITY AREA",1080385
318.25,0,"Y","NEW YORK CITY AREA",1041112
441.5,0,"Y","NEW YORK CITY AREA",1036275
1169.75,2.666666667,"Y","NEW YORK CITY AREA",1062810
238.75,0.333333333,"U","NEW YORK CITY AREA",1080435
15,0,"Y","NEW YORK CITY AREA",1045365
1800.75,5.666666667,"Y","NEW YORK CITY AREA",1062433
111.75,0.333333333,"U","NEW YORK CITY AREA",1081837
108.5,0,"N","NEW YORK CITY AREA",1051654
1013.75,0,"Y","NEW YORK CITY AREA",1094004
1099.5,0,"U","NEW YORK CITY AREA",1090677
1934.25,5.666666667,"U","NEW YORK CITY AREA",1058684
101.25,0,"U","NEW YORK CITY AREA",1082578
114.75,1,"U","NEW YORK CITY AREA",1037391
91.25,0,"U","NEW YORK CITY AREA",1031037
330.25,0,"U","NEW YORK CITY AREA",1026361
589.5,14.66666667,"U","NEW YORK CITY AREA",1045146
228,0,"Y","NEW YORK CITY AREA",1004987
193.75,0,"U","NEW YORK CITY AREA",1026651
575.5,1.333333333,"U","NEW YORK CITY AREA",1026524
100,0,"U","NEW YORK CITY AREA",1055100
13.75,0,"U","NEW YORK CITY AREA",1044105
484.25,12.33333333,"U","NEW YORK CITY AREA",1075207
374.25,0.666666667,"U","NEW YORK CITY AREA",1053777
571.5,2,"U","NEW YORK CITY AREA",1072308
273.75,0,"U","NEW YORK CITY AREA",1048968
103.25,0.333333333,"U","NEW YORK CITY AREA",1048064
525.5,0.666666667,"N","NEW YORK CITY AREA",1058925
1648.25,10,"U","NEW YORK CITY AREA",1026050
99.75,0,"U","NEW YORK CITY AREA",1054078
259.5,0.666666667,"Y","NEW YORK CITY AREA",1001015
86.75,0,"Y","NEW YORK CITY AREA",1071905
1468.25,0,"Y","NEW YORK CITY AREA",1067391
253.5,0,"N","NEW YORK CITY AREA",1012159
1119,19,"Y","NEW YORK CITY AREA",1045628
960.5,0.333333333,"N","NEW YORK CITY AREA",1023371
384.25,0,"Y","NEW YORK CITY AREA",1043641
251.5,0,"Y","NEW YORK CITY AREA",1005052
114.5,0,"U","NEW YORK CITY AREA",1060339
11.75,0,"U","NEW YORK CITY AREA",1033261
485.75,1,"U","NEW YORK CITY AREA",1012689
