"mou_Mean","custcare_Mean","new_cell","area","Customer_ID"
273.5,0,"U","SOUTH FLORIDA AREA",1070208
289.25,1,"U","SOUTH FLORIDA AREA",1051859
1041.5,2.333333333,"N","SOUTH FLORIDA AREA",1035282
77.75,0,"U","SOUTH FLORIDA AREA",1025479
965,0,"U","SOUTH FLORIDA AREA",1023124
1351.75,0,"U","SOUTH FLORIDA AREA",1047382
253.5,1,"U","SOUTH FLORIDA AREA",1057649
1287.5,0.666666667,"U","SOUTH FLORIDA AREA",1079122
29,0,"U","SOUTH FLORIDA AREA",1045521
14.25,0.333333333,"N","SOUTH FLORIDA AREA",1001932
2752.75,0,"Y","SOUTH FLORIDA AREA",1069086
993.75,5.333333333,"U","SOUTH FLORIDA AREA",1036707
256.75,0.333333333,"U","SOUTH FLORIDA AREA",1016046
415.5,0,"N","SOUTH FLORIDA AREA",1009905
570.5,6,"Y","SOUTH FLORIDA AREA",1032256
800,9.333333333,"Y","SOUTH FLORIDA AREA",1022453
293.5,0,"U","SOUTH FLORIDA AREA",1017656
684.75,0.666666667,"Y","SOUTH FLORIDA AREA",1035526
35.5,0,"U","SOUTH FLORIDA AREA",1066788
1570.25,0.333333333,"U","SOUTH FLORIDA AREA",1052441
317.75,0,"U","SOUTH FLORIDA AREA",1030002
530,0,"Y","SOUTH FLORIDA AREA",1016603
206.75,1,"N","SOUTH FLORIDA AREA",1004085
358.25,0,"Y","SOUTH FLORIDA AREA",1042497
1498.5,16,"U","SOUTH FLORIDA AREA",1080576
114,0,"U","SOUTH FLORIDA AREA",1053373
180.25,0,"U","SOUTH FLORIDA AREA",1057703
230,0,"U","SOUTH FLORIDA AREA",1061814
2.5,0.333333333,"U","SOUTH FLORIDA AREA",1086747
364.25,0,"Y","SOUTH FLORIDA AREA",1018701
58.5,0.333333333,"N","SOUTH FLORIDA AREA",1003559
271,0,"U","SOUTH FLORIDA AREA",1070165
998,0,"N","SOUTH FLORIDA AREA",1012904
913.25,5.333333333,"Y","SOUTH FLORIDA AREA",1042409
284.5,0,"U","SOUTH FLORIDA AREA",1026553
28.25,0,"U","SOUTH FLORIDA AREA",1047095
73.25,0,"N","SOUTH FLORIDA AREA",1015251
1225.75,0,"U","SOUTH FLORIDA AREA",1030786
84.25,0,"Y","SOUTH FLORIDA AREA",1008024
900,1.333333333,"Y","SOUTH FLORIDA AREA",1007480
731,2.333333333,"Y","SOUTH FLORIDA AREA",1071900
406.5,0.666666667,"U","SOUTH FLORIDA AREA",1089823
591,0.333333333,"N","SOUTH FLORIDA AREA",1061315
387.75,3,"U","SOUTH FLORIDA AREA",1031947
324.5,0,"Y","SOUTH FLORIDA AREA",1029338
602.75,0,"U","SOUTH FLORIDA AREA",1043672
52,0,"U","SOUTH FLORIDA AREA",1028006
7.75,0,"U","SOUTH FLORIDA AREA",1095736
52,0,"U","SOUTH FLORIDA AREA",1025480
928.75,0,"Y","SOUTH FLORIDA AREA",1040960
17.25,0,"U","SOUTH FLORIDA AREA",1039790
453.75,14.66666667,"U","SOUTH FLORIDA AREA",1066785
1738.75,1.666666667,"U","SOUTH FLORIDA AREA",1089396
173.75,2.666666667,"U","SOUTH FLORIDA AREA",1081132
210.5,0.333333333,"Y","SOUTH FLORIDA AREA",1026404
75.75,0.666666667,"U","SOUTH FLORIDA AREA",1076255
0,0,"U","SOUTH FLORIDA AREA",1070526
811.75,0,"U","SOUTH FLORIDA AREA",1044194
138.75,0,"U","SOUTH FLORIDA AREA",1046737
525.75,2,"U","SOUTH FLORIDA AREA",1000903
309.25,0,"N","SOUTH FLORIDA AREA",1055051
19.5,0,"N","SOUTH FLORIDA AREA",1002595
909.25,0.333333333,"U","SOUTH FLORIDA AREA",1082331
99.25,0.666666667,"U","SOUTH FLORIDA AREA",1013353
356.75,0,"U","SOUTH FLORIDA AREA",1018467
88.75,0,"U","SOUTH FLORIDA AREA",1026604
420.75,0,"Y","SOUTH FLORIDA AREA",1043460
860.75,17,"U","SOUTH FLORIDA AREA",1065106
160,0,"U","SOUTH FLORIDA AREA",1024969
258.5,4.666666667,"Y","SOUTH FLORIDA AREA",1079449
190.25,0,"U","SOUTH FLORIDA AREA",1013168
140.5,0,"U","SOUTH FLORIDA AREA",1008918
95,1.333333333,"U","SOUTH FLORIDA AREA",1039207
589.25,0.666666667,"N","SOUTH FLORIDA AREA",1014231
69,0,"N","SOUTH FLORIDA AREA",1000820
1148.25,0.333333333,"Y","SOUTH FLORIDA AREA",1005596
646,3.333333333,"U","SOUTH FLORIDA AREA",1041812
712.75,8.333333333,"Y","SOUTH FLORIDA AREA",1027256
407,3.666666667,"Y","SOUTH FLORIDA AREA",1033652
877.75,5,"U","SOUTH FLORIDA AREA",1064141
133,0,"U","SOUTH FLORIDA AREA",1069294
678.5,0,"N","SOUTH FLORIDA AREA",1000604
51,0,"U","SOUTH FLORIDA AREA",1068304
211.5,0.666666667,"Y","SOUTH FLORIDA AREA",1010022
1382.75,3.666666667,"U","SOUTH FLORIDA AREA",1055489
270.75,3.333333333,"N","SOUTH FLORIDA AREA",1089509
1014.5,0,"U","SOUTH FLORIDA AREA",1060288
251.5,3.333333333,"U","SOUTH FLORIDA AREA",1080971
85,3.333333333,"U","SOUTH FLORIDA AREA",1095636
129.5,0,"U","SOUTH FLORIDA AREA",1027477
246.25,6.333333333,"U","SOUTH FLORIDA AREA",1016536
438.25,2,"Y","SOUTH FLORIDA AREA",1061749
352.5,0,"Y","SOUTH FLORIDA AREA",1029968
79.25,0.666666667,"U","SOUTH FLORIDA AREA",1024836
265.5,0,"Y","SOUTH FLORIDA AREA",1039735
1051.5,1,"U","SOUTH FLORIDA AREA",1079696
314.25,0.333333333,"Y","SOUTH FLORIDA AREA",1072826
944,6.333333333,"U","SOUTH FLORIDA AREA",1043134
469,0,"U","SOUTH FLORIDA AREA",1093371
176.25,0,"N","SOUTH FLORIDA AREA",1015043
788,0.333333333,"Y","SOUTH FLORIDA AREA",1096191
871.75,0,"U","SOUTH FLORIDA AREA",1063760
328,0,"Y","SOUTH FLORIDA AREA",1064494
1661.75,0.333333333,"U","SOUTH FLORIDA AREA",1074392
555.25,0,"Y","SOUTH FLORIDA AREA",1044999
290.25,0,"Y","SOUTH FLORIDA AREA",1032504
693.75,0,"U","SOUTH FLORIDA AREA",1006490
319,0,"N","SOUTH FLORIDA AREA",1045569
99.5,0,"N","SOUTH FLORIDA AREA",1009359
385.25,5,"U","SOUTH FLORIDA AREA",1081953
863,1,"U","SOUTH FLORIDA AREA",1075800
79.75,0,"Y","SOUTH FLORIDA AREA",1006339
55,0,"U","SOUTH FLORIDA AREA",1075063
167.5,0,"U","SOUTH FLORIDA AREA",1024993
771,0,"Y","SOUTH FLORIDA AREA",1072486
3549.25,8,"U","SOUTH FLORIDA AREA",1045377
935.25,0,"N","SOUTH FLORIDA AREA",1000531
857.75,0,"Y","SOUTH FLORIDA AREA",1066191
3,0,"U","SOUTH FLORIDA AREA",1036470
50.5,0,"U","SOUTH FLORIDA AREA",1016283
34.75,0,"U","SOUTH FLORIDA AREA",1031489
899.25,3.666666667,"N","SOUTH FLORIDA AREA",1018072
96.75,0,"U","SOUTH FLORIDA AREA",1045792
252,0.333333333,"Y","SOUTH FLORIDA AREA",1019141
403.25,0,"Y","SOUTH FLORIDA AREA",1025770
361,1.333333333,"Y","SOUTH FLORIDA AREA",1034165
254.5,0,"Y","SOUTH FLORIDA AREA",1029074
163.5,0.333333333,"U","SOUTH FLORIDA AREA",1055495
177.5,0,"N","SOUTH FLORIDA AREA",1055723
134.5,0,"U","SOUTH FLORIDA AREA",1003891
1487.75,1.333333333,"U","SOUTH FLORIDA AREA",1027622
424.75,0,"N","SOUTH FLORIDA AREA",1013387
26,0,"U","SOUTH FLORIDA AREA",1009714
175.75,0,"N","SOUTH FLORIDA AREA",1095787
161.25,0,"U","SOUTH FLORIDA AREA",1015418
357.5,0.666666667,"U","SOUTH FLORIDA AREA",1011767
151,0,"Y","SOUTH FLORIDA AREA",1030403
388.75,0,"N","SOUTH FLORIDA AREA",1001254
508.25,0.666666667,"Y","SOUTH FLORIDA AREA",1013538
110,0,"U","SOUTH FLORIDA AREA",1074672
235,0,"Y","SOUTH FLORIDA AREA",1051245
42.5,0,"U","SOUTH FLORIDA AREA",1012668
169.25,0,"Y","SOUTH FLORIDA AREA",1002743
758.5,6.666666667,"Y","SOUTH FLORIDA AREA",1031591
1166,2,"U","SOUTH FLORIDA AREA",1069379
360.5,0,"U","SOUTH FLORIDA AREA",1067077
163,0,"N","SOUTH FLORIDA AREA",1005858
167.5,0,"U","SOUTH FLORIDA AREA",1062439
1207.25,1.333333333,"Y","SOUTH FLORIDA AREA",1050523
99.75,2.333333333,"N","SOUTH FLORIDA AREA",1023467
528.75,7.333333333,"U","SOUTH FLORIDA AREA",1011779
1812,15.33333333,"U","SOUTH FLORIDA AREA",1075162
319.5,0.333333333,"N","SOUTH FLORIDA AREA",1008885
1156.75,3.666666667,"U","SOUTH FLORIDA AREA",1076040
395.5,0,"U","SOUTH FLORIDA AREA",1069944
148,0,"U","SOUTH FLORIDA AREA",1011619
641.5,2.333333333,"U","SOUTH FLORIDA AREA",1091082
1063,0,"U","SOUTH FLORIDA AREA",1082452
68.25,0,"U","SOUTH FLORIDA AREA",1065491
1066.25,18,"U","SOUTH FLORIDA AREA",1092615
55.5,0.333333333,"N","SOUTH FLORIDA AREA",1004777
234.75,0,"U","SOUTH FLORIDA AREA",1085121
732,1.333333333,"N","SOUTH FLORIDA AREA",1033410
191.25,0,"Y","SOUTH FLORIDA AREA",1017948
196.5,0,"Y","SOUTH FLORIDA AREA",1000471
3.75,0,"U","SOUTH FLORIDA AREA",1020365
69.25,1,"Y","SOUTH FLORIDA AREA",1050580
523,0,"N","SOUTH FLORIDA AREA",1034013
850,1.333333333,"Y","SOUTH FLORIDA AREA",1039235
263.5,0,"N","SOUTH FLORIDA AREA",1000658
0,0,"U","SOUTH FLORIDA AREA",1059040
125.5,0,"Y","SOUTH FLORIDA AREA",1094819
2007.75,0.333333333,"Y","SOUTH FLORIDA AREA",1000571
765,10,"U","SOUTH FLORIDA AREA",1016762
345.75,0,"U","SOUTH FLORIDA AREA",1074402
314.25,0.333333333,"Y","SOUTH FLORIDA AREA",1084924
172.25,0,"N","SOUTH FLORIDA AREA",1009632
192.25,0,"Y","SOUTH FLORIDA AREA",1013575
581.25,3,"U","SOUTH FLORIDA AREA",1007585
228.25,2.666666667,"Y","SOUTH FLORIDA AREA",1069735
887.5,0,"U","SOUTH FLORIDA AREA",1093504
318,0,"Y","SOUTH FLORIDA AREA",1023755
321,2,"U","SOUTH FLORIDA AREA",1057032
195.75,0,"U","SOUTH FLORIDA AREA",1055397
606.25,0,"U","SOUTH FLORIDA AREA",1072180
413.25,1.333333333,"U","SOUTH FLORIDA AREA",1044811
190.5,0,"U","SOUTH FLORIDA AREA",1033128
871.5,0,"U","SOUTH FLORIDA AREA",1074294
0,0,"U","SOUTH FLORIDA AREA",1066604
77.25,2.666666667,"U","SOUTH FLORIDA AREA",1068103
212.75,0,"Y","SOUTH FLORIDA AREA",1078713
91.75,0,"U","SOUTH FLORIDA AREA",1024768
1785.5,21,"U","SOUTH FLORIDA AREA",1046956
473.75,0,"U","SOUTH FLORIDA AREA",1037013
219.5,0,"Y","SOUTH FLORIDA AREA",1017394
110.25,0,"N","SOUTH FLORIDA AREA",1023262
1887.5,4.333333333,"N","SOUTH FLORIDA AREA",1088193
244.75,0,"Y","SOUTH FLORIDA AREA",1059820
1643.5,8.666666667,"U","SOUTH FLORIDA AREA",1091127
2262.75,8.333333333,"N","SOUTH FLORIDA AREA",1034311
62,0,"U","SOUTH FLORIDA AREA",1055610
235,0.666666667,"Y","SOUTH FLORIDA AREA",1019169
1464.5,2.666666667,"U","SOUTH FLORIDA AREA",1021211
468.25,0,"U","SOUTH FLORIDA AREA",1011632
283.25,0,"U","SOUTH FLORIDA AREA",1013087
71.75,0,"U","SOUTH FLORIDA AREA",1060455
369.75,0.333333333,"U","SOUTH FLORIDA AREA",1016518
258.5,0,"U","SOUTH FLORIDA AREA",1095060
619.25,1,"U","SOUTH FLORIDA AREA",1041464
741,0,"U","SOUTH FLORIDA AREA",1088831
25.25,1,"U","SOUTH FLORIDA AREA",1090500
2911,2.333333333,"Y","SOUTH FLORIDA AREA",1024482
835,20,"N","SOUTH FLORIDA AREA",1000488
664,0,"U","SOUTH FLORIDA AREA",1067776
72.75,0,"U","SOUTH FLORIDA AREA",1081576
253.75,0,"U","SOUTH FLORIDA AREA",1090153
105.75,0,"N","SOUTH FLORIDA AREA",1045772
868,4.666666667,"Y","SOUTH FLORIDA AREA",1094210
292.5,0,"U","SOUTH FLORIDA AREA",1033419
246,0,"U","SOUTH FLORIDA AREA",1070076
1082.25,3.666666667,"U","SOUTH FLORIDA AREA",1016567
312.25,0,"Y","SOUTH FLORIDA AREA",1007115
205,0,"Y","SOUTH FLORIDA AREA",1046401
2406.75,0,"U","SOUTH FLORIDA AREA",1041288
364,2.333333333,"Y","SOUTH FLORIDA AREA",1029816
739.75,0,"U","SOUTH FLORIDA AREA",1035640
440.25,0,"U","SOUTH FLORIDA AREA",1035815
624,1,"U","SOUTH FLORIDA AREA",1012338
876.75,0,"U","SOUTH FLORIDA AREA",1076308
2129,1,"N","SOUTH FLORIDA AREA",1059979
939.25,20,"N","SOUTH FLORIDA AREA",1001003
939,16.33333333,"Y","SOUTH FLORIDA AREA",1075822
380.75,8,"U","SOUTH FLORIDA AREA",1057492
163.75,0,"N","SOUTH FLORIDA AREA",1020343
256.5,2.666666667,"U","SOUTH FLORIDA AREA",1071080
621.25,2,"Y","SOUTH FLORIDA AREA",1035298
298.75,0,"U","SOUTH FLORIDA AREA",1040456
544.75,1.666666667,"U","SOUTH FLORIDA AREA",1057367
234.75,0,"Y","SOUTH FLORIDA AREA",1001983
464,0,"U","SOUTH FLORIDA AREA",1045307
541.5,0,"U","SOUTH FLORIDA AREA",1078097
1588.25,5.333333333,"U","SOUTH FLORIDA AREA",1091940
111.75,0,"U","SOUTH FLORIDA AREA",1027826
287.75,1.333333333,"U","SOUTH FLORIDA AREA",1002973
181,0.333333333,"Y","SOUTH FLORIDA AREA",1081682
1185.5,7,"U","SOUTH FLORIDA AREA",1076411
533,0,"N","SOUTH FLORIDA AREA",1028984
1018,4.666666667,"U","SOUTH FLORIDA AREA",1035484
291.5,0,"U","SOUTH FLORIDA AREA",1025593
348,0,"U","SOUTH FLORIDA AREA",1067249
1657.5,8,"Y","SOUTH FLORIDA AREA",1078169
946.5,6.333333333,"Y","SOUTH FLORIDA AREA",1001866
266.25,0.333333333,"Y","SOUTH FLORIDA AREA",1008079
181,1.333333333,"N","SOUTH FLORIDA AREA",1089642
111,0,"U","SOUTH FLORIDA AREA",1009022
1253.75,3.666666667,"U","SOUTH FLORIDA AREA",1027188
786.25,0.333333333,"U","SOUTH FLORIDA AREA",1089164
1056.5,10.33333333,"U","SOUTH FLORIDA AREA",1054018
2122.5,2.666666667,"N","SOUTH FLORIDA AREA",1037785
2178.5,7.666666667,"Y","SOUTH FLORIDA AREA",1005019
22.25,0,"U","SOUTH FLORIDA AREA",1009577
221.75,7.333333333,"U","SOUTH FLORIDA AREA",1051826
583.25,0,"U","SOUTH FLORIDA AREA",1047472
253,0,"U","SOUTH FLORIDA AREA",1030753
1363,1.333333333,"N","SOUTH FLORIDA AREA",1000403
1616.75,4.666666667,"Y","SOUTH FLORIDA AREA",1059802
118.5,0,"N","SOUTH FLORIDA AREA",1016289
67,0,"N","SOUTH FLORIDA AREA",1049487
211.75,0,"Y","SOUTH FLORIDA AREA",1044565
921,2,"N","SOUTH FLORIDA AREA",1030695
815.25,1,"N","SOUTH FLORIDA AREA",1000566
1506.5,0,"Y","SOUTH FLORIDA AREA",1068955
1107.25,0,"N","SOUTH FLORIDA AREA",1033537
NA,0,"U","SOUTH FLORIDA AREA",1016420
550.25,0,"Y","SOUTH FLORIDA AREA",1035167
1090.5,0,"N","SOUTH FLORIDA AREA",1000527
241.5,1.666666667,"U","SOUTH FLORIDA AREA",1032838
1013,21.33333333,"Y","SOUTH FLORIDA AREA",1090134
249,0,"Y","SOUTH FLORIDA AREA",1012584
207,0,"U","SOUTH FLORIDA AREA",1021967
42.5,0,"U","SOUTH FLORIDA AREA",1082178
347,0,"U","SOUTH FLORIDA AREA",1065177
0.5,0,"Y","SOUTH FLORIDA AREA",1072227
710.5,14,"N","SOUTH FLORIDA AREA",1007523
387.25,0,"U","SOUTH FLORIDA AREA",1068937
338,0,"Y","SOUTH FLORIDA AREA",1033291
889.5,0,"Y","SOUTH FLORIDA AREA",1067858
1913.25,12.66666667,"N","SOUTH FLORIDA AREA",1093972
1424.5,0,"N","SOUTH FLORIDA AREA",1031214
615.5,0,"U","SOUTH FLORIDA AREA",1005338
463,0,"N","SOUTH FLORIDA AREA",1096776
242,0,"U","SOUTH FLORIDA AREA",1048336
849.75,0,"U","SOUTH FLORIDA AREA",1088014
231.5,0.333333333,"Y","SOUTH FLORIDA AREA",1003118
0,0,"Y","SOUTH FLORIDA AREA",1088366
568.75,3.333333333,"U","SOUTH FLORIDA AREA",1094517
76,0,"U","SOUTH FLORIDA AREA",1050385
506.25,0,"Y","SOUTH FLORIDA AREA",1010661
186.5,0.333333333,"U","SOUTH FLORIDA AREA",1003206
486.75,17,"N","SOUTH FLORIDA AREA",1013688
410,0.333333333,"U","SOUTH FLORIDA AREA",1050825
222,0,"N","SOUTH FLORIDA AREA",1050566
351.5,0.666666667,"U","SOUTH FLORIDA AREA",1076288
1855,2.666666667,"U","SOUTH FLORIDA AREA",1062609
806.5,2.666666667,"Y","SOUTH FLORIDA AREA",1062290
629.5,0,"U","SOUTH FLORIDA AREA",1023399
805.75,1.666666667,"U","SOUTH FLORIDA AREA",1038210
258.5,3,"U","SOUTH FLORIDA AREA",1076726
596,0.666666667,"N","SOUTH FLORIDA AREA",1002073
334.75,0.666666667,"U","SOUTH FLORIDA AREA",1080589
1780.75,7,"Y","SOUTH FLORIDA AREA",1073713
981.25,0,"Y","SOUTH FLORIDA AREA",1022834
460.75,1.333333333,"U","SOUTH FLORIDA AREA",1040386
463.25,0.666666667,"U","SOUTH FLORIDA AREA",1032765
1456.5,0.666666667,"U","SOUTH FLORIDA AREA",1083795
437,0,"U","SOUTH FLORIDA AREA",1054294
198.5,10,"U","SOUTH FLORIDA AREA",1096798
1278.25,0,"U","SOUTH FLORIDA AREA",1087971
136.5,0,"U","SOUTH FLORIDA AREA",1040128
1085.5,0.333333333,"U","SOUTH FLORIDA AREA",1012337
221,0.333333333,"U","SOUTH FLORIDA AREA",1014974
716,0,"U","SOUTH FLORIDA AREA",1060676
795.75,1,"U","SOUTH FLORIDA AREA",1078636
245.25,0,"Y","SOUTH FLORIDA AREA",1005049
1468,3.333333333,"U","SOUTH FLORIDA AREA",1080701
419.75,1,"N","SOUTH FLORIDA AREA",1014778
831.5,16,"U","SOUTH FLORIDA AREA",1092174
284,0.333333333,"U","SOUTH FLORIDA AREA",1005556
0,0,"U","SOUTH FLORIDA AREA",1014509
76.75,0,"U","SOUTH FLORIDA AREA",1030891
429.75,0,"N","SOUTH FLORIDA AREA",1010249
509.25,1,"Y","SOUTH FLORIDA AREA",1057749
126.75,0,"U","SOUTH FLORIDA AREA",1002747
305.25,0,"Y","SOUTH FLORIDA AREA",1015166
304.5,0,"U","SOUTH FLORIDA AREA",1042544
1090.75,0,"Y","SOUTH FLORIDA AREA",1012153
1482.5,2,"U","SOUTH FLORIDA AREA",1059052
855.25,5,"U","SOUTH FLORIDA AREA",1019579
674.25,0,"U","SOUTH FLORIDA AREA",1000468
453.25,0,"U","SOUTH FLORIDA AREA",1041451
1382.25,2.666666667,"Y","SOUTH FLORIDA AREA",1071799
1711,10,"U","SOUTH FLORIDA AREA",1044231
1106.75,2.666666667,"N","SOUTH FLORIDA AREA",1007455
168.25,0,"U","SOUTH FLORIDA AREA",1026119
238,0,"U","SOUTH FLORIDA AREA",1033533
23.5,0,"U","SOUTH FLORIDA AREA",1054703
89.25,0,"Y","SOUTH FLORIDA AREA",1017102
403,0.666666667,"U","SOUTH FLORIDA AREA",1063442
291,0,"Y","SOUTH FLORIDA AREA",1003081
15.5,0,"Y","SOUTH FLORIDA AREA",1073896
1384.25,0,"U","SOUTH FLORIDA AREA",1078934
1149.5,2.333333333,"U","SOUTH FLORIDA AREA",1078642
259.25,2.333333333,"U","SOUTH FLORIDA AREA",1058129
249.25,4,"Y","SOUTH FLORIDA AREA",1006158
518,0,"Y","SOUTH FLORIDA AREA",1085791
26.5,0,"U","SOUTH FLORIDA AREA",1038117
36.75,1,"U","SOUTH FLORIDA AREA",1056948
16,0,"Y","SOUTH FLORIDA AREA",1012533
1625,4.333333333,"Y","SOUTH FLORIDA AREA",1022103
754.75,8,"Y","SOUTH FLORIDA AREA",1060097
64.25,0,"U","SOUTH FLORIDA AREA",1079156
734.25,10.33333333,"U","SOUTH FLORIDA AREA",1085316
1111.75,0.333333333,"Y","SOUTH FLORIDA AREA",1096235
626.25,0,"U","SOUTH FLORIDA AREA",1075355
320.5,0,"U","SOUTH FLORIDA AREA",1068658
35.5,0,"Y","SOUTH FLORIDA AREA",1007937
